id,kategori,status,text,created_at,pasangan_id,rasio_kemiripan,alasan
7695,near_duplicate,duplikat,"Seorang Ibu harus memanjat tebing demi membawa bayinya  ke Puskesmas. Gampong (Desa) Sikundo,Aceh Barat,masih terisolasi. Jalan dan jembatan terputus.Warga terpaksa berpegangan tali di tepi sungai dan tebing untuk melintas.    Banjir dan longsor #AcehBangkit akibat Siklon",2026-01-13,1,0.9161,Kemiripan 92% dengan id 1
7662,near_duplicate,duplikat,Masyarakat Aceh terpaksa mengangkut barang dagangan dan kebutuhan lainnya melewati medan berbahaya akibat terputusnya akses jalan dan jembatan.  Skala kehancuran infrastruktur di Aceh akibat Banjir Besar Aceh–Sumatra Nov 2025 melampaui bencana Tsunami 2004. Sebanyak 461 ruas,2026-01-10,6,0.9016,Kemiripan 90% dengan id 6
7663,near_duplicate,duplikat,"Melalui Nurani Astra, Astra bersama Grup Astra menyalurkan bantuan tanggap darurat lanjutan bagi masyarakat terdampak banjir bandang dan tanah longsor di Aceh, Sumatra Utara, dan Sumatra Barat. Bantuan ini melanjutkan tahap pertama yang telah dimulai sejak Desember 2025 dan",2026-01-10,7,0.954,Kemiripan 95% dengan id 7
7664,near_duplicate,duplikat,"BANJIR susulan masih menjadi kekhawatiran masyarakat di sejumlah wilayah terdampak bencana di Sumatra. Bahkan di penghujung  2025, Selasa (30/12), hujan deras kembali mengguyur Kabupaten Bener Meriah, Aceh. #ugm #ews #meriahbener #aceh #pkm",2026-01-10,8,0.9071,Kemiripan 91% dengan id 8
7816,near_duplicate,duplikat,"Kritik Bencana Banjir Sumatra dan Utang PLN, Influencer Sherly Annavita hingga DJ Donny Diteror",2025-12-30,47,0.9448,Kemiripan 94% dengan id 47
7672,near_duplicate,duplikat,"Viralin bahaya tuh..? Waduuh..! Itu orang utan pada jatuh klimpungan kasian banget, itu pohon  belum dewasa di tebangin, mengakibatkan Banjir Bandang tuh Kaya Sumatra",2026-01-11,54,0.9495,Kemiripan 95% dengan id 54
245,near_duplicate,duplikat,"Sinergi tanpa batas! Pemerintah Bareng Warga bergotong royong memulihkan infrastruktur pasca banjir bandang di Pidie Jaya. Dengan langkah nyata pembersihan sedimen dan kayu, kini Aceh Sumatra Bangkit menatap masa depan yang lebih aman. Pemerintah Sigap untuk Aceh Sumatra. 1 22",2026-01-10,59,0.9067,Kemiripan 91% dengan id 59
7673,near_duplicate,duplikat,Walhi Sebut Penegakan Hukum terhadap Perusahaan Penyebab Banjir Sumatra Setengah Hati  #bencanasumatra #aceh #sumut #sumbar #tambang #deforestasi,2026-01-13,97,0.9304,Kemiripan 93% dengan id 97
7675,near_duplicate,duplikat,"data bmkg selama 40 tahun menunjukkan tren curah hujan di aceh dan sumut terus meningkat tajam. kondisi alam yang makin ekstrem ini tidak bisa diabaikan saat membahas penyebab Banjir Sumatra, apalagi jika hanya fokus menyalahkan satu pihak.",2026-01-11,99,0.9624,Kemiripan 96% dengan id 99
7676,near_duplicate,duplikat,Satgas PKH: 12 Perusahaan Diduga Jadi Penyebab Banjir Sumatra,2026-01-09,100,0.9019,Kemiripan 90% dengan id 100
7680,near_duplicate,duplikat,"Dan paling biadabnya rejim ini, tak satupun instansi pemerintah atau swasta yg diseret ke pengadilan atas deforestasi penyebab banjir dan tanah longsor yg  menelan ribuan nyawa di Sumatra. Dan termul serta penjilat samsul msh ngomngin pilpres, dasar bedebah !!!",2026-01-02,108,0.9267,Kemiripan 93% dengan id 108
7684,near_duplicate,duplikat,"Di tengah situasi yang penuh tantangan, bantuan ini diharapkan dapat memperkuat harapan, menumbuhkan semangat, serta mendukung proses pemulihan masyarakat agar dapat bangkit secara bertahap.  #lpbinu #nupeduli #prayforsumatera #prayforaceh",2026-01-12,126,0.9421,Kemiripan 94% dengan id 126
7692,near_duplicate,duplikat,"Peduli Korban Banjir, DPP FPI Serta DPD HILMI FPI Sulteng Dan Komunitas Pemulung Amal Terus Bantu Warga Aceh Tamiang  #hilmi #hilalmerahindonesia #AcehTamiang #PeduliBanjir #kemanusiaan #banjirsulteng #BanjirBandang",2026-01-13,167,0.9627,Kemiripan 96% dengan id 167
7697,near_duplicate,duplikat,Gubernur Mualem tinjau lokasi pengungsi korban banjir di Sawang Aceh Utara,2026-01-13,169,0.915,Kemiripan 92% dengan id 169
1452,near_duplicate,duplikat,"Update korban bencana banjir dan tanah longsor di Sumatera Barat, Aceh, dan Sumut per 11/1/2026 dari BNPB: Meninggal: 1.180 Hilang: 145 Mengungsi: 238.000  ""Warga negara Indonesia paling bahagia"" (Prabowo, Januari 2026)  #JokowiPengkhianatRI #JokowiPengkhianatRI 1 1 114",2026-01-11,213,0.9422,Kemiripan 94% dengan id 213
273,near_duplicate,duplikat,"*Gerak Cepat Polres Bener Meriah, Jalan Lintas Bireuen–Takengon Kembali Aman Pascabencana*  Bener Meriah — Pascabencana banjir dan tanah longsor yang sempat mengganggu arus lalu lintas, Polres Bener Meriah bersama personel Satuan Brimob Polda Aceh bergerak cepat 1 28",2026-01-10,216,0.9605,Kemiripan 96% dengan id 216
335,near_duplicate,duplikat,"Aceh Sumatera Update. Pemerintah berkomitmen mengganti semua rumah warga yang terseret banjir, termasuk memperbaiki rumah yang rusak 8",2026-01-10,296,0.9307,Kemiripan 93% dengan id 296
7719,near_duplicate,duplikat,"Menteri Sosial Saifullah Yusuf alias Gus Ipul mengatakan Kementerian Sosial menyalurkan bantuan tambahan sebesar Rp 450 ribu per orang bagi korban bencana banjir bandang dan longsor di Aceh, Sumatera Utara, dan Sumatera Barat. Bantuan tersebut merupakan bantuan pangan pasca",2026-01-11,389,0.9604,Kemiripan 96% dengan id 389
7712,near_duplicate,duplikat,"Sumatera Utara menargetkan penanaman satu juta pohon sebagai langkah nyata untuk memulihkan lingkungan pascabencana banjir dan tanah longsor yang melanda sejumlah daerah.  Mari sama-sama kita cintai alam, rawat hutan, dan hijaukan kembali alam Sumut.  #KolaborasiSumutBerkah",2026-01-13,450,0.9468,Kemiripan 95% dengan id 450
7714,near_duplicate,duplikat,"Melalui Nurani Astra, Astra bersama perusahaan-perusahaan Grup Astra kembali menyalurkan bantuan tanggap darurat guna mendukung penanganan pascabencana bagi masyarakat terdampak bencana banjir bandang dan tanah longsor di wilayah Aceh, Sumatera Utara (Sumut), dan Sumatera Barat",2026-01-12,451,0.9487,Kemiripan 95% dengan id 451
7716,near_duplicate,duplikat,"Bencana  banjir dan longsor di utara Sumatera menyebabkan banyak rumah warga  rusak hingga hanyut. Pemerintah menyiapkan hunian tetap (huntap) gratis  bagi korban yang kehilangan tempat tinggal.  Dirjen Kawasan  Permukiman Kementerian Perumahan dan Kawasan Permukiman (PKP),",2026-01-12,452,0.9432,Kemiripan 94% dengan id 452
7861,near_duplicate,duplikat,"Bupati Aceh Utara, Ismail A Jalil, yang akrab disapa Ayahwa, melaporkan bahwa korban jiwa akibat banjir di wilayahnya mencapai 215 orang, dengan enam lainnya masih hilang.   Angka ini merupakan yang tertinggi di antara wilayah lain di Sumatera Utara, Sumatera Barat, dan Aceh.",2025-12-30,599,0.9716,Kemiripan 97% dengan id 599
7929,near_duplicate,duplikat,"Ribuan keluarga korban banjir dan longsor di Aceh, Sumatera Utara, dan Sumatera Barat memilih bertahan di luar hunian sementara dengan menerima Dana Tunggu Hunian (DTH) dari pemerintah.  Badan Nasional Penanggulangan Bencana (BNPB) mencatat, hingga kini sebanyak 16.264 kepala",2025-12-30,600,0.9672,Kemiripan 97% dengan id 600
7867,near_duplicate,duplikat,"Menteri Dalam  Negeri (Mendagri), Tito Karnavian, mengungkapkan sebanyak 22 desa  hilang tersapu banjir bandang dan tanah longsor di Aceh, Sumatera Utara,  dan Sumatera Barat.  ""Data kami menunjukkan bahwa ada desa yang  hilang itu totalnya 22. Di Aceh ada 13 hilang, tersapu. Di",2025-12-30,607,0.9586,Kemiripan 96% dengan id 607
7868,near_duplicate,duplikat,"Menteri Dalam Negeri (Mendagri) Tito Karnavian mengungkapkan, Sumatera Utara (Sumut) menjadi wilayah yang cepat pulih pasca-bencana banjir bandang dan tanah longsor. Sementara wilayah yang paling berat adalah Aceh Tamiang, sebab di wilayah tersebut layanan pemerintahan belum",2025-12-30,608,0.9597,Kemiripan 96% dengan id 608
7869,near_duplicate,duplikat,"Kapolri Jenderal Listyo Sigit Prabowo menyatakan Polri membuka layanan servis dan cuci motor gratis bagi warga terdampak bencana banjir dan longsor di Aceh, Sumatera Utara, dan Sumatera Barat.  Layanan tersebut disiapkan agar kendaraan roda dua milik warga yang sempat rusak",2025-12-30,609,0.9579,Kemiripan 96% dengan id 609
7734,near_duplicate,duplikat,"Banjir Sumatera masih menyisakan duka.  Layanan Dukungan Psikososial (LDP) Anak dan Keluarga hadir di Malalo dan Nagari Sumpur, Batipuah Selatan, Tanah Datar sebagai safe space buat anak dan keluarga.  Anak bisa main, cerita dan berekspresi dengan nyaman, sementara orang tua",2026-01-12,617,0.939,Kemiripan 94% dengan id 617
7746,near_duplicate,duplikat,"potret Pendidikan yang Hanyut, di mana narasi besar soal Sekolah Rakyat dan Makan Bergizi Gratis di Jakarta terasa seperti ejekan bagi belasan ribu pelajar di Aceh yg jangankan makan siang, meja untuk belajarnya saja mungkin sudah jadi kayu bakar di tengah banjir.",2026-01-13,662,0.9575,Kemiripan 96% dengan id 662
7780,near_duplicate,duplikat,"Banjir cepet surut goblok, lu ga tau kampungan gua Cengkareng waktu awal 2020 3 hari 3 malem ga surut Aer mati listrik mati anjing 3 hari 3 malem loh ini mana barang elektronik pada abis boro boro ada bantuan ngentod",2026-01-13,663,0.9586,Kemiripan 96% dengan id 663
7783,near_duplicate,duplikat,"Setelah Gudang Timbunan Bantuan Banjir Digerebek Anggota Dewan, Puluhan Petugas BPBD Demo DPRK Bireun",2026-01-13,714,0.9385,Kemiripan 94% dengan id 714
7724,near_duplicate,duplikat,Hilmi FPI Riau dan DPP FPI Gelar Pengobatan Massal Bagi Korban Banjir Bandang di Aceh Tamiang  #Kemanusiaan #Hilmi #BanjirBandang #BanjirAceh #AcehTamiang,2026-01-13,746,0.9615,Kemiripan 96% dengan id 746
7747,near_duplicate,duplikat,Bonus Variasi: Mari terus dukung kerja nyata para taruna. Setiap langkah kecil mereka di Aceh Tamiang hari ini adalah kontribusi besar bagi ketahanan nasional di daerah terdampak bencana banjir yang melanda.  Kemenkum Jabar - Asep Sutandar,2026-01-13,768,0.9518,Kemiripan 95% dengan id 768
7749,near_duplicate,duplikat,"Kisah Pilu Banjir Aceh Tamiang: Dikira Biasa Ternyata Bencana Besar, Warga Terpaksa Lahiran Darurat di Tengah Kepungan Air",2026-01-13,770,0.9402,Kemiripan 94% dengan id 770
7752,near_duplicate,duplikat,Relawan Nasional HILMI FPI Gelar Pengobatan Gratis Di 2 Desa Di Aceh Tengah  #hilmi #hilalmerahindonesia #AcehTengah #PeduliBanjir #kemanusiaan #PengobatanGratis #BanjirBandang,2026-01-13,865,0.958,Kemiripan 96% dengan id 865
1107,near_duplicate,duplikat,"Personel Polisi bersama instansi terkait menyalurkan bantuan perlengkapan sekolah kepada siswa di sekolah darurat Kecamatan Tukka, Kabupaten Tapanuli Tengah, Sumatera Utara. 1 12",2026-01-11,1106,0.9095,Kemiripan 91% dengan id 1106
7738,near_duplicate,duplikat,"Banjir menimbulkan dampak kerusakan, namun banjir tak menghancurkan semangat persaudaraan.   Sehari setelah diguyur hujan lebat pada 7 Januari 2026, beberapa wilayah di Kabupaten OKU Timur, Sumatera Selatan terdampak banjir; rusaknya fasilitas umum dan rumah warga maupun tempat",2026-01-09,1148,0.9219,Kemiripan 92% dengan id 1148
7739,near_duplicate,duplikat,"Sumatera Selatan terdampak banjir; rusaknya fasilitas umum dan rumah warga maupun tempat ibadah. Pasca banjir melanda OKU Timur, sahabat-sahabat Banser bergerak cepat membersihkan rumah warga dan tempat ibadah agar kenyamanan warga berteduh dan beribadah tetap terjaga.",2026-01-09,1152,0.9431,Kemiripan 94% dengan id 1152
1253,near_duplicate,duplikat,Kemenhut bersihkan 1.272 meter gelondongan kayu. Aceh Sumatra Pulih #Sumatra 11,2026-01-13,1216,0.9169,Kemiripan 92% dengan id 1216
7770,near_duplicate,duplikat,"Banjir Jakarta Mulai Surut! Tinggal 28 RT dan 6 Ruas Jalan Masih Tergenang, Ini Daftarnya",2026-01-13,1371,0.9412,Kemiripan 94% dengan id 1371
7709,near_duplicate,duplikat,"Banjir Rendam Lubuk Alung, Bupati Padang Pariaman John Kenedy Azis Pimpin Langsung Evakuasi Warga #bahlillahadalia #kuningkeren #golkarindonesia #partaigolkar #golkarpedia",2026-01-12,1376,0.9409,Kemiripan 94% dengan id 1376
7686,near_duplicate,duplikat,"Donasi disalurkan melalui Wahana Visi Indonesia untuk mendukung penanganan bencana alam banjir dan longsor di wilayah Sumatra, serta kepada Panti Asuhan Hati Bangsa, berupa bantuan sembako dan uang tunai guna membantu pemenuhan kebutuhan sehari-hari anak-anak panti.",2026-01-12,1409,0.9309,Kemiripan 93% dengan id 1409
3037,near_duplicate,duplikat,"Menjaga perdamaian Aceh adalah tanggung jawab kita bersama. Jangan biarkan aksi segelintir orang memecah belah bangsa dengan pengibaran bendera GAM. Prioritas kita sekarang jelas: Penanganan banjir, perbaikan fasilitas umum, dan keselamatan warga. Aceh Sumatra Pulih 1 41",2025-12-26,1433,0.9511,Kemiripan 95% dengan id 1433
7777,near_duplicate,duplikat,"Dr awal mmg pemdanya yg gk becus, data awal gk pernah update, gk sigap, gk pnh pny plan mitigasi bencana  Malah koar2 pempus yg gk bisa kerja",2026-01-13,1436,0.9444,Kemiripan 94% dengan id 1436
7722,near_duplicate,duplikat,Hatur nuhun Bobotoh atas kontribusi dan kepedulian luar biasa bagi saudara-saudara kita yang terdampak banjir dan longsor di Sumatera.  Seluruh bantuan telah disalurkan melalui Dompet Dhuafa Jawa Barat dalam charity event kolaborasi bersama APPI  Sampai jumpa di event,2026-01-10,1549,0.9499,Kemiripan 95% dengan id 1549
7786,near_duplicate,duplikat,"Masalahnya, servis laptop pasti ga ada yg buka bahkan masih berdiri di daerah banjir parah. Mereka harus ke kota buat bisa perbaiki laptopnya which is a hard thing to do since jalan kab pidie ke kota banda aceh masih belum diperbaiki",2026-01-13,1562,0.9313,Kemiripan 93% dengan id 1562
1583,near_duplicate,duplikat,"Perjuangan tanpa henti untuk mengembalikan terang dan harapan masyarakat Aceh. Sudah sebulan lebih pascabencana banjir yang melanda wilayah Aceh, salah satu yang paling parah terdampak adalah Kecamatan Takengon, Kabupaten Aceh Tengah. Petugas PLN selalu bersiaga, medan sulit 1 263",2026-01-12,1566,0.9291,Kemiripan 93% dengan id 1566
7789,near_duplicate,duplikat,"Banjir bandang dan longsor di Aceh, Sumut & Sumbar menunjukkan bahwa pengelolaan Daerah Aliran Sungai (DAS) harus diperkuat lewat reforestasi, rehabilitasi hulu sungai, dan tata ruang yang lebih bijak agar risiko bencana berkurang di masa depan.  Solusi jangka panjang bukan hanya",2026-01-13,1601,0.9559,Kemiripan 96% dengan id 1601
7793,near_duplicate,duplikat,"Ngapain pakai persiapan segala, Aceh-Sumbar-Sumut sudah teruji. Sebulan lebih mrk survive ditengah² Banjir Lumpur dan tumpukan kayu gelondongan. Secara akal pasti kita juga mampu. Gak perlu siap², Yg penting kita selalu ingat Alloh minta perlindungan padaNya.",2026-01-12,1604,0.9255,Kemiripan 93% dengan id 1604
7802,near_duplicate,duplikat,Sebanyak 100 keluarga korban banjir bandang di Gampong Geunteng diusulkan masuk huntara Pidie Jaya karena rumah rusak berat dan tertimbun lumpur. #gta777aceh #portalberitaacehterkini,2026-01-12,1667,0.9482,Kemiripan 95% dengan id 1667
7819,near_duplicate,duplikat,Rossa Salurkan Zakat Mal 500 Juta untuk Korban banjir Sumatra dan Ajar Publik Berdonasi,2025-12-30,1772,0.9223,Kemiripan 92% dengan id 1772
8141,near_duplicate,duplikat,"Lebih dari 180 ribu rumah luluh lantak, akibat banjir sumatra. Namun banjir & longsor susulan masih mengintai. Lumpur & jutaan meter kubik kayu masih berserak. Para penyintas belum bisa kembali pulang.  Saksikan #RealitasMetroTV ""Tengoklah Rumah Kami"" Sabtu, 20 Desember 2025",2025-12-19,1840,0.9689,Kemiripan 97% dengan id 1840
8142,near_duplicate,duplikat,"Lebih dari seribu jiwa meninggal dunia dan tidak kurang dari 200 jiwa belum ditemukan sejak banjir bandang Sumatra, selasa 25 November 2025.  Tidak hanya kehilangan sandang & pangan, sebagian penyintas juga kehilangan sumber penghidupan. Mereka kesulitan kembali pulang.  Saksikan",2025-12-19,1842,0.9485,Kemiripan 95% dengan id 1842
1915,near_duplicate,duplikat,"Badan Nasional Penanggulangan Bencana (BNPB) memperbarui data pada Sabtu (13/12/2025) pagi, terkait bencana banjir dan longsor yang melanda sejumlah wilayah di Sumatra. BNPB menegaskan, data ini masih bersifat dinamis dan akan terus diperbarui. Petugas lapangan masih melakukan Tampilkan lebih banyak",2025-12-13,1892,0.9419,Kemiripan 94% dengan id 1892
2085,near_duplicate,duplikat,Membalas  @MOQEELFORTRESS SEGERA TETAPKAN JADI BENCANA NASIONAL   #AllEyesOnSumatera  #PrayForSumatera  #PrayForTapanuli  #PrayForSibolga  #PrayForAceh #PrayForPadang 1 396,2025-11-29,2084,0.9032,Kemiripan 90% dengan id 2084
7899,near_duplicate,duplikat,"Menkomdigi Meutya Hafid: Telekomunikasi Pasca Banjir Sumatra Mulai Pulih, Aceh Capai 73 Persen #bahlillahadalia #kuningkeren #golkarindonesia #partaigolkar #golkarpedia",2025-12-30,2210,0.9229,Kemiripan 92% dengan id 2210
7913,near_duplicate,duplikat,"Bupati Aceh Utara Ismail A. Jalil menyampaikan kekecewaannya karena Presiden Prabowo Subianto tidak mengunjungi daerahnya. Padahal, sebagian besar wilayah Aceh Utara, dari hulu ke hilir, terdampak banjir bandang, November 2025 lalu.  Keluhan itu disampaikan Ismail A. Jalil dalam",2025-12-30,2256,0.9518,Kemiripan 95% dengan id 2256
7914,near_duplicate,duplikat,"Bupati Aceh Timur, Iskandar Usman Al-Farlaky  menemukan tumpukan besar kayu gelondongan yg diduga hasil pembalakan liar  Yg memperkuat dugaan bahwa aktivitas ilegal ini memperparah bencana banjir bandang dan merugikan masyarakat, shg ia membentuk tim terpadu untuk mengusutnya",2025-12-30,2262,0.9439,Kemiripan 94% dengan id 2262
7987,near_duplicate,duplikat,Perumda Tirta Pase Salurkan 446 Tangki Air Bersih untuk Pengungsi Banjir  Total air bersih yang disalurkan selama masa tanggap darurat banjir tersebut mencapai 1.648.000 liter atau setara 1.648 ton  #AirBersih #Pengungsi #Banjir #AcehUtara,2025-12-30,2325,0.9696,Kemiripan 97% dengan id 2325
7827,near_duplicate,duplikat,"PT Bank Rakyat Indonesia (Persero) Tbk menggelar program Trauma Healing bagi anak-anak terdampak bencana banjir bandang di Aceh, Sumatera Utara, dan Sumatera Barat. Program ini menjadi bagian dari aksi kemanusiaan BRI Group melalui BRI Peduli Sumatra yang berfokus pada pemulihan",2025-12-30,2333,0.9481,Kemiripan 95% dengan id 2333
7847,near_duplicate,duplikat,PLN Bicara Beda Dampak Kerusakan Listrik Banjir Sumatra & Tsunami Aceh,2025-12-30,2337,0.916,Kemiripan 92% dengan id 2337
2461,near_duplicate,duplikat,"Trauma Healing Polri, Dukungan Psikologis bagi Anak Korban Banjir Bandang di Padang Pariaman  Padang Pariaman — Sebagai bentuk kepedulian terhadap pemulihan psikologis korban bencana alam, anggota Bidang Psikologi SDM Polda Sumatera Barat melaksanakan kegiatan Polisi Mengajar 43",2025-12-30,2459,0.9662,Kemiripan 97% dengan id 2459
2462,near_duplicate,duplikat,"Wakapolri Komjen Pol. Prof. Dr. Dedi Prasetyo, S.H., M.Hum., M. Si., M.M., melakukan kunjungan kerja ke hunian sementara (huntara) korban banjir dan tanah longsor di Korong Asam Pulau, Nagari Anduriang, Kecamatan 2x11 Kayu Tanam, Kabupaten Padang Pariaman, Sumatera Barat. Dalam Tampilkan lebih banya",2025-12-29,2460,0.9466,Kemiripan 95% dengan id 2460
8098,near_duplicate,duplikat,"Bencana banjir besar dan tanah longsor di Sumatera Barat turut melumpuhkan jalur vital Lembah Anai, urat nadi ekonomi yang menghubungkan Padang dan Riau. Menko Infrastruktur dan Pembangunan Kewilayahan, Agus Harimurti Yudhoyono, hadir langsung meninjau lokasi terdampak,",2025-12-16,2531,0.9433,Kemiripan 94% dengan id 2531
7872,near_duplicate,duplikat,Kalo sawit yg disalahkan kok gak ada banjir bandang di propinsi Riau?? Padahal punya lahan 4 juta hektare 10 kali lipat lebih besar yg ada di Aceh? Jawabannya adalah pemuja Anies Baswedan anti sawit sebagai energi terbarukan..!!,2025-12-28,2658,0.9335,Kemiripan 93% dengan id 2658
7893,near_duplicate,duplikat,"Intensitas hujan yang tinggi kembali mengguyur di wilayah Sumatera Utara. Hanya hujan lebat selama satu jam, ratusan rumah warga di Kabupaten Tapanuli Selatan kembali dikepung banjir akibat luapan Sungai Batang Toru dan Sungai Siopat Opat.  Berdasarkan video amatir warga,",2025-12-27,2702,0.9371,Kemiripan 94% dengan id 2702
7894,near_duplicate,duplikat,"Kalimantan Selatan Diterjang Banjir Bandang seperti Bencana Ekologis di Sumatera, Derasnya Arus Air Rendam Hampir Setinggi Rumah",2025-12-27,2703,0.916,Kemiripan 92% dengan id 2703
8102,near_duplicate,duplikat,"PDI Perjuangan (PDIP) gelar peringatan Hari Ibu sekaligus penggalangan dana untuk korban  banjir dan longsor di Aceh, Sumatera Utara, dan Sumatera Barat, di  Gedung Nyi Ageng Serang, Jakarta Selatan, Kamis (18/12/2025).  Dalam acara tersebut, Ketua Umum PDIP, Megawati",2025-12-19,2714,0.9618,Kemiripan 96% dengan id 2714
8103,near_duplicate,duplikat,"Percayalah, ini bukan sekedar mencekam di medsos, ini real keadaan disana saat tim Basarnas, polri dan segenap relawan berjibaku mencari korban yang tertimbun, 21 hari Pasca Bencana Banjir dan Longsor di Sumatera.   Jakarta Selatan  Sathosi Nakamoto  #zonauangᅠᅠ",2025-12-18,2715,0.9413,Kemiripan 94% dengan id 2715
8104,near_duplicate,duplikat,"DPC PDI Perjuangan Tanah Datar bergotong royong menyalurkan bantuan dari DPP PDI Perjuangan untuk korban banjir yang mengungsi di Posko Utama Nagari Sumpur, Batipuh Selatan, Tanah Datar, Sumatera Barat, Minggu (15/12/2025).  Kami berharap bantuan yang diberikan bisa sedikit",2025-12-17,2716,0.9313,Kemiripan 93% dengan id 2716
8105,near_duplicate,duplikat,"Banjir besar yang melanda Kecamatan Batang Toru, Kabupaten Tapanuli Selatan, Sumatera Utara, pada akhir November lalu menyisakan kisah keberanian seorang polisi.   Aipda Jhon Kennedy Habiahan, Bhabinkamtibmas Polsek Batang Toru, turun langsung membantu warga saat Sungai Batang",2025-12-16,2717,0.943,Kemiripan 94% dengan id 2717
8107,near_duplicate,duplikat,"Diterjang banjir bandang, rumah rusak, hidup sempat porak-poranda. Tapi warga Tapanuli Selatan, Sumatera Utara, memilih nggak menyerah.  Kayu gelondongan yang hanyut terbawa banjir justru dimanfaatkan untuk membangun rumah kembali. Bareng TNI dan Brimob, warga gotong royong",2025-12-16,2718,0.9571,Kemiripan 96% dengan id 2718
2792,near_duplicate,duplikat,"Lewati Medan Sulit, Petugas PLN Pulihkan Kelistrikan Terdampak Banjir dan Longsor di Sumatera Utara  Banjir dan longsor yang terjadi di wilayah Sibolga, Tapanuli Selatan, Tapanuli Tengah, dan Tapanuli Utara memutus akses sehingga menjadi tantangan dalam proses pemulihan listrik. 1 72",2025-12-05,2727,0.9079,Kemiripan 91% dengan id 2727
8277,near_duplicate,duplikat,Tapi memang musibahnya datang Kamis sore. Sedangkan di hari tersebut KDM sudah bertolak ke Sumatera.  Semoga aja segera pulang dan segera mengatasi masalah banjir selatan. Soalnya walikota sama bupati Bandung udah ngibarkan bendera putih.,2025-12-06,2777,0.9011,Kemiripan 90% dengan id 2777
8280,near_duplicate,duplikat,"Wakil Presiden Gibran Rakabuming Raka membawa buku saku untuk mencatat langsung keluhan para korban banjir bandang dan longsor saat mengunjungi posko pengungsian di Tapanuli Selatan, Sumatera Utara.  Dalam rangkaian kunjungan kerjanya, Gibran menyambangi pengungsi di Desa Garoga",2025-12-05,2786,0.9608,Kemiripan 96% dengan id 2786
8281,near_duplicate,duplikat,"Usai meninjau wilayah terdampak bencana di Kabupaten Tapanuli Selatan, Sumatera Utara, Wapres Gibran Rakabuming melanjutkan rangkaian peninjauan lapangan ke sejumlah wilayah terdampak bencana di Kabupaten Aceh Singkil, Aceh, Kamis, 4 Desember 2025.",2025-12-05,2787,0.901,Kemiripan 90% dengan id 2787
8441,near_duplicate,duplikat,"Menteri Keuangan (Menkeu) Purbaya Yudhi Sadewa siap menggelontorkan dana darurat guna membantu penanganan bencana banjir dan tanah longsor di Pulau Sumatera.  ""Kalau saya disuruh bayar, saya bayar, gitu saja,"" kata Purbaya di kawasan Jakarta Selatan, Sabtu (29/11/2025).  Kendati",2025-11-29,2858,0.9549,Kemiripan 95% dengan id 2858
8494,near_duplicate,duplikat,"Sejumlah warga di Tapanuli Selatan (Tapsel), Sumatera, terpaksa menyeberangi sungai dengan memanfaatkan kabel listrik setelah jembatan penghubung ambruk akibat banjir dan longsor.  Kerusakan infrastruktur di wilayah Tapanuli Selatan ini memutus akses transportasi darat, membuat",2025-11-29,2859,0.9465,Kemiripan 95% dengan id 2859
8525,near_duplicate,duplikat,"Dua desa di Tapanuli Selatan, Sumatera Utara, diterjang banjir bandang. Kondisi terakhir di Desa Tolang Jae dan Desa Tolang Julu terlihat dipenuhi material kayu dan batu yang terbawa derasnya arus banjir.  Selain lumpur tebal, di lokasi juga terlihat adanya tumpukan kayu",2025-11-29,2866,0.9757,Kemiripan 98% dengan id 2866
7904,near_duplicate,duplikat,Banjir Sumatera Berpotensi Terulang Lagi akibat Kelemahan Tata Kelola  Klik untuk baca:,2025-12-30,2913,0.9272,Kemiripan 93% dengan id 2913
7938,near_duplicate,duplikat,"Ditengah upaya percepatan penanganan pasca bencana banjir dan longsor di Sumatra, Presiden Prabowo Subianto berencana akan mengunjungi daerah terdampak pada malam Tahun Baru 2026.  Bencana banjir dan longsor mengakibatkan ribuan warga mengungsi, sementara proses evakuasi dan",2025-12-30,2915,0.9346,Kemiripan 93% dengan id 2915
7906,near_duplicate,duplikat,loh apa salahnya kejar ambisi yg salah itu yg korupsi yg bikin rakyat sengsara spt di aceh .. hutan digunduli akhirnya longsor banjir bandang .. anies berambisi untuk mengakhiri kesengsaraan dgn cara merebut kekuasaan yg disyahkan oleh undang undang yaitu lewat partai politik,2025-12-30,2918,0.9624,Kemiripan 96% dengan id 2918
7831,near_duplicate,duplikat,"Pak Prabowo jgn omon2 saja, langsung tangkap dalang penyebab banjir di sumatra , jangan hanya di kantongin namanya .",2025-12-30,2922,0.9349,Kemiripan 93% dengan id 2922
7909,near_duplicate,duplikat,"Lagipula yg perlu diangkat bukan hutan sebagai paru2 bumi. Bencana kemarin warga bukan sesak nafas karna kurang oksigen, tapi banjir bandang karna ga ada hutan yg nahan limpahan air hujan.",2025-12-30,2926,0.9099,Kemiripan 91% dengan id 2926
7976,near_duplicate,duplikat,"Agak kesentil waktu panglima provinsi Anjing bilang warga provinsi Kelinci bisa ngungsi kalau ada dokumen registrasi. Sama aja kayak pejabat sini waktu banjir kemaren, harus bawa KTP dan KK buat nerima bantuan, seolah warga bakal inget buat selamatin dokumen-dokumen itu",2025-12-26,2976,0.9633,Kemiripan 96% dengan id 2976
3841,near_duplicate,duplikat,"*Polres Aceh Tamiang Evakuasi Truck Tangki Pasca Bencana Banjir Bandang*  Aceh Tamiang - Banjir bandang yang melanda kabupaten Aceh Tamiang beberapa pekan lalu yang meluluhlantakan sebagian besar wilayah Aceh Tamiang, baik pemukiman warga, perkebunan, peternakan dan sebagian 60",2025-12-26,3026,0.9481,Kemiripan 95% dengan id 3026
3034,near_duplicate,duplikat,"Bantuan masih terus mengalir untuk korban bencana hidrometeorologi di Indonesia. Kali ini, Starbucks bersama beberapa yayasan memberikan bantuan pasca-bencana. #Lingkungan #AdadiKompas kompas.id Starbucks Bantu Korban Banjir Sumatera Bantuan masih terus mengalir untuk korban bencana hidrometeorologi",2025-12-26,3031,0.9173,Kemiripan 92% dengan id 3031
7988,near_duplicate,duplikat,"Aneh ya,baut jembatan yang dilepas langsung disebut biadab,tapi hutan yang jelas ditebang sampai banjir merenggut ribuan nyawa cukup disebut musibah.Mungkin karena baut bisa ditunjuk pelakunya,sementara yang satu lagi terlalu besar untuk disebut namanya.",2025-12-30,3056,0.9517,Kemiripan 95% dengan id 3056
3136,near_duplicate,duplikat,"Presiden RI Prabowo Subianto kembali mengunjungi daerah terdampak banjir dan longsor besar di Sumatera. Secara khusus, Prabowo fokus meninjau beberapa titik di Sumatera Barat pada Kamis (18/12/2025). ). 14",2025-12-19,3087,0.9471,Kemiripan 95% dengan id 3087
8123,near_duplicate,duplikat,Emang bener banjir bandang tp kl gak di gunduli ulah si manusia bencananya gak senasional ini palingan banjir pyur air yg merusak jembatan2 dan rumah2 di pinggir kali tsk ada kayu2 besar dan lumpur tanah ikut  menyapu rumah2 masyarakat yg kena banjir hingga terputus & terisolir.,2025-12-19,3130,0.9659,Kemiripan 97% dengan id 3130
8125,near_duplicate,duplikat,"Transportasi di Wilayah Tengah Aceh kini seperti kembali ke Zaman Batu. Ratusan jembatan putus akibat Banjir Besar Aceh–Sumatra, melumpuhkan mobilitas rakyat. Presiden menugaskan Jenderal TNI Maruli Simanjuntak membangun jembatan darurat.  Sekitar 300 jembatan rusak di Aceh,  3",2025-12-19,3131,0.9465,Kemiripan 95% dengan id 3131
8049,near_duplicate,duplikat,"Banjir Aceh kali ini lebih dahsyat dr pada Tsunami Aceh thn 2004 Tsunami yg dilanda hanya Banda Aceh,Aceh Besar,Aceh Jaya dan Aceh Barat Daerah ini yg paling parah klo Banjir ini yg dilanda hampir merata",2025-12-19,3132,0.9386,Kemiripan 94% dengan id 3132
8191,near_duplicate,duplikat,"terdampak bencana banjir dan tanah longsor, yakni Aceh, Sumatera Utara, dan Sumatera Barat, yang memiliki kontribusi besar dalam sejarah perjuangan kemerdekaan bangsa. Sehubungan dengan hal tersebut, Presiden mengajak seluruh elemen bangsa untuk turut memberikan dukungan dan",2025-12-19,3139,0.9378,Kemiripan 94% dengan id 3139
3143,near_duplicate,duplikat,"Pasca banjir yang melanda Aceh Tamiang, relawan menemukan batang kayu berukuran sangat besar yang terdampar di lokasi terdampak. Temuan ini mengejutkan warga setempat karena belum pernah terjadi sebelumnya.  Menurut para relawan, ukuran kayu tersebut sangat panjang dan kokoh, Tampilkan lebih banyak ",2025-12-19,3142,0.9313,Kemiripan 93% dengan id 3142
8092,near_duplicate,duplikat,Ajaibnya sawit jadi tertuduh padahal yg merusak adalah tambang. Riau punya 4 juta hektare lahan sawitnya 10 kali lebih besar dari Aceh gak ada banjir bandang. Narasi sawit biang kerok adalah agenda barat. Yg ingin Indonesia tidak merdeka soal energi terbarukan..!!,2025-12-19,3163,0.9154,Kemiripan 92% dengan id 3163
3235,near_duplicate,duplikat,Projo Peduli Bencana yang dipimpin Budi Arie Setiadi tetap Setia Digaris Rakyat hadir langsung membawa harapan bagi warga Sumatera yang terdampak banjir Projo Ajak Publik Bersatu Hadapi Banjir Besar di Sumatera Dari gonews.co.id 6,2025-12-18,3227,0.9072,Kemiripan 91% dengan id 3227
7921,near_duplicate,duplikat,"Maluuuu wooooi yg dr luar Aceh pada kerja keras membantu para korban di Aceh eeeh kalian demo demo aja  Maluuuu woooooi yg di bantu itu orang Aceh asli yg kena musibah itu Aceh Sumut Sumbar, kalian kerjanya demo demo aja",2025-12-30,3496,0.9757,Kemiripan 98% dengan id 3496
7925,near_duplicate,duplikat,Mereka ini gak pernah malu yg lain para relawan para prajurit bahu membahu membantu rakyat Aceh Sumut dan Sumbar eeeh elo orang malah main bendera benderaan pake demo bantuin tuh relawan bukan demo aja,2025-12-30,3498,0.9712,Kemiripan 97% dengan id 3498
7962,near_duplicate,duplikat,"Peduli Bencana Sumatra. • PDIP kirim alat berat ke Agam, Sumbar, buat bantu buka akses jalan yang tertutup akibat banjir dan longsor awal Desember 2025. Semoga cepat lancar aksesnya.  @puanmaharani_ri",2025-12-30,3504,0.94,Kemiripan 94% dengan id 3504
3575,near_duplicate,duplikat,"Pemerintah kebut penanganan pascabanjir di Aceh, Sumut dan sumbar meski libur nataru. Pemerintah sigap untuk Aceh sumatra. 1 1 14",2025-12-29,3572,0.9272,Kemiripan 93% dengan id 3572
7969,near_duplicate,duplikat,"Perjalanan BKO Brimob Polda Sumsel menuju Polda Aceh untuk penanganan pasca bencana banjir  Bila ada permasalahan dan butuh bantuan Polisi silahkan hubungi :  Call Center: 110 (Bebas Pulsa)  ""KAMI SIAP MELAYANI 24 JAM""  #musisatu #kapoldasumsel #humaspoldasumsel #poldasumsel",2025-12-26,3742,0.9682,Kemiripan 97% dengan id 3742
7970,near_duplicate,duplikat,"Nih kapal feri udh pernah ke aceh apa sumsel belum ya? Tau gak kaya apa medannya,orang lewat aja bisa puluhan km jalan kaki apa iya banjir dtg langsung ada perahu karet",2025-12-25,3743,0.9519,Kemiripan 95% dengan id 3743
3747,near_duplicate,duplikat,"Kepala Kepolisian Daerah Sumatera Selatan Beserta Staff dan Jajaran Mengucapkan   Selamat Natal 2025 & Tahun Baru 2026  Bila ada permasalahan dan butuh bantuan Polisi silahkan hubungi :  Call Center : 110 (Bebas Pulsa)  ""KAMI SIAP MELAYANI 24 JAM""  #musisatu #kapoldasumsel Tampilkan lebih banyak 44",2025-12-25,3744,0.9227,Kemiripan 92% dengan id 3744
8324,near_duplicate,duplikat,"Bandung tergenang, tapi yang diprioritaskan Sumatera. Kayak rumah sendiri kebanjiran tapi sibuk nolong tetangga biar keliatan baik",2025-12-06,3806,0.9315,Kemiripan 93% dengan id 3806
7950,near_duplicate,duplikat,"Sempet2 nya ya bantuan bencana banyak intrik, pantes rakyat merasa lambat, ternyata pd sibuk atur strategi bagaimana bantuan ini atas nama pribadi atau pemerintah, smoga cepet pulih rakyat sumatra",2025-12-30,3983,0.9488,Kemiripan 95% dengan id 3983
7915,near_duplicate,duplikat,Pemulihan pascabencana di Sumatera Utara terus bergerak maju secara bertahap dan berkelanjutan. Pemerintah Provinsi Sumatera Utara di bawah kepemimpinan Gubernur Bobby Nasution memastikan perbaikan infrastruktur serta normalisasi sungai di wilayah Tapanuli berjalan sesuai,2025-12-30,3989,0.917,Kemiripan 92% dengan id 3989
7968,near_duplicate,duplikat,"Gak belain dia karena gak penting juga, tapi dia ngirim bantuan bahan pokok kok, dan banyak. Perihal kampung, lokasi banjir itu emang di Sumut, tapi dia orang Toba, jadi kampungnya bukan di pesisir barat Sumut. Ibarat orang  kampungnya bekasi tapi bencananya di pangandaran",2025-12-30,4009,0.9282,Kemiripan 93% dengan id 4009
7857,near_duplicate,duplikat,"Wamenag Romo Syafi'i serahkan bantuan Rp2 Miliar untuk Gereja Katolik terdampak banjir di Sumut, Senin (29/12). Bantuan disalurkan ke Keuskupan Agung Sibolga (Rp1,7 M), Medan (Rp200 Jt), & Aceh (Rp100 Jt) untuk rehabilitasi rumah ibadah & pemulihan psikis umat.  #KemenagRI",2025-12-29,4055,0.9873,Kemiripan 99% dengan id 4055
8052,near_duplicate,duplikat,"Tsunami ditetapkan sebagai bencana nasional sedangkan bencana banjir ini tidak, padahal gubernur Aceh saja menilai ini lebih parah dari tsunami, kenapa? Tsunami bencana alam, sedangkan banjir kali ini akibat ulah-ulah manusia rakus dalam lingkar kekuasaan",2025-12-19,4097,0.9598,Kemiripan 96% dengan id 4097
8003,near_duplicate,duplikat,"Presiden terlalu angkuh dengan mengatakan kita mampu mengatasi bencana, padahal pelosok2 daerah bencana masih banyak yg belum tertangani. Saya tau krn saya tinggal dekat dngan Aceh Tamiang, salah 1 daerah yg juga parah, rumah saya di Brandan terendam diatas 1.8 Meter air banjir.",2025-12-19,4099,0.9245,Kemiripan 92% dengan id 4099
8054,near_duplicate,duplikat,"literally dari langsa sampe tamiang rumah rumah warga rusak parah. bahkan banyak rumah yang aku liat sisa pondasi doang. beberapa rumah dilantai lantai 2 nya ada bekas air yang nempel di dinding, kurleb 3,5 meteran yang artinya banjir disana setinggi itu.",2025-12-19,4100,0.9501,Kemiripan 95% dengan id 4100
4217,near_duplicate,duplikat,"OJK memberikan relaksasi bagi debitur di sektor PVML yang terdampak bencana di Aceh, Sumut, dan Sumbar. Kebijakan ini berlaku hingga tiga tahun ke depan. Korban Banjir Bisa Bernapas Lega, OJK Kasih Keringanan Utang Pinjol Dari finance.detik.com 153",2025-12-24,4216,0.968,Kemiripan 97% dengan id 4216
4287,near_duplicate,duplikat,Relawan paruh baya yang setiap hari mengantarkan air bersih dari posko kami di Nagan Raya masih sempat membantu menarik mobil mogok di jalan.   Pak Adri ini saat tsunami dulu wara-wiri dgn mayat korban di Aceh Barat dan Nagan Raya. Hari ini pun tak mau tinggal diam. 11 37 1 rb,2025-12-27,4286,0.9475,Kemiripan 95% dengan id 4286
7973,near_duplicate,duplikat,"Kan listrik masi blom stabil, kebanyakan masyarakat masi ngungsi & renovasi rumah. Lebih efisien mereka jaga barang sendiri dan ga nambahin ""beban"" macem barang curian.   Kek bayangin ada berita korban banjir bandang ngegondol kulkas & TV? Ngangkatnya aja dah beban cok",2025-12-30,4294,0.9655,Kemiripan 97% dengan id 4294
7995,near_duplicate,duplikat,"Dan gua korban Banjir di salah satu kabupaten di Aceh, ngerasain bgt gda bantuan pemerintah kampret yg dtang, malah kita bantu sesama. Korbanbantukorban. Bahkan sampe skrg Masi ada warga yg ngungsi di tenda terpal biru Krena rumahnya udh hilang:""",2025-12-17,4299,0.9519,Kemiripan 95% dengan id 4299
7997,near_duplicate,duplikat,"Kalau mau bicara sawit mbok yo tunggu penanganan banji sumatra-aceh maksimal dulu kek, hujan masih deras, banjir datang silih berganti, air mata belum kering, masyarakat masih ngungsi, tapi orang satu ini isi kepalanya cuma sawit.",2025-12-16,4300,0.964,Kemiripan 96% dengan id 4300
7999,near_duplicate,duplikat,"Sorry to say, banyak dari mereka ngungsi butuh makanan gak dateng². Bantuan beras dari pemerintah aja disuruh beli loh? kalo gak percaya cari aja beritanya. Banyak juga yang meninggal karna ngungsi kelaperan grgr bantuan telat dateng, minum pake air banjir keruh.",2025-12-15,4303,0.9164,Kemiripan 92% dengan id 4303
8375,near_duplicate,duplikat,"Jujur lihat respon pemerintah soal banjir Sumatra  bikin naik darah. Kelakuannya udah level anjing banget. gak ada aksi nyata. Rakyat terendam, ngungsi, mati listrik, kehilangan rumah di sisi lain, para pejabat sibuk ngeluarin pernyataan yang isinya cuma angin.",2025-12-05,4317,0.9572,Kemiripan 96% dengan id 4317
8397,near_duplicate,duplikat,"bang, bapak gw tni bawa truk nganterin kebutuhan orang yg ngungsi di daerah lhoksukon dari lhokseumawe, jarak kesana bisa sejam lebih apalagi klo keadaan gini. lo tau? dia bajunya basah seharian, ga makan karna bantuin org disana. dia plg jalan kaki ke lhoksmw krna banjir",2025-11-29,4345,0.9372,Kemiripan 94% dengan id 4345
8398,near_duplicate,duplikat,"250 Rumah Rusak Diterjang Banjir di Nagan Raya Aceh, 2.500 Warga Ngungsi",2025-11-29,4346,0.9509,Kemiripan 95% dengan id 4346
7981,near_duplicate,duplikat,"35 ribu rumah yang mana, Pak?  Yg tergerus banjir bandang, Yg terendam lumpur, Yg tertimpa sampah kayu, atau Yg masih tergenang air?  Yakin hanya segitu? Saya bertanya, Pak.",2025-12-28,4439,0.9599,Kemiripan 96% dengan id 4439
4519,near_duplicate,duplikat,"Tips Aman Menyalakan Listrik Setelah Banjir  Electrizen, pastikan rumah benar-benar aman sebelum menyalakan listrik kembali setelah rumah terendam banjir.  Yuk simak tips dari PLN!  #PLNUntukSemua #PLNUntukIndonesia #PrayforAceh #PrayforSumut #PrayforSumbar #PLNUIDSulselrabar 1 16",2025-12-05,4503,0.9201,Kemiripan 92% dengan id 4503
4525,near_duplicate,duplikat,"Electrizen, pastikan rumah benar-benar aman sebelum menyalakan listrik kembali setelah rumah terendam banjir.  Yuk simak tips dari PLN!  #PLNUntukSemua #PLNUntukIndonesia #PrayforAceh #PrayforSumut #PrayforSumbar #PLNUIDSulselrabar 1 27",2025-12-04,4503,0.9631,Kemiripan 96% dengan id 4503
8379,near_duplicate,duplikat,"Anak-anak menjadi kelompok yang paling rentan setiap bencana terjadi, termasuk bencana yang melanda Sumatera dan Aceh. Rumah yang terendam, sekolah yang rusak, hingga akses terbatas terhadap air bersih dan layanan kesehatan, membuat anak menghadapi risiko yang lebih besar dalam",2025-12-06,4508,0.9398,Kemiripan 94% dengan id 4508
8380,near_duplicate,duplikat,Wakil Menteri Kesehatan Benjamin Paulus Octavianus telah memantau wilayah banjir di Sumatera. Ia mengungkap sejumlah fasilitas kesehatan (faskes) turut terdampak dari banjir.  Setidaknya ada 31 rumah sakit dan 156 Puskesmas yang terendam banjir di Sumatera.  >>,2025-12-06,4510,0.9573,Kemiripan 96% dengan id 4510
4514,near_duplicate,duplikat,"Halaman masjid yang kini menjadi posko pengungsian tampak riuh oleh aktivitas warga dan relawan yang memasak di dapur umum. Tawa lirih bercampur letih menggambarkan bagaimana warga Desa Blang Panjoe, Kabupaten Bireuen, Aceh, saling menguatkan setelah rumah mereka terendam banjir. Tampilkan lebih ban",2025-12-05,4513,0.9549,Kemiripan 95% dengan id 4513
4525,near_duplicate,duplikat,"Electrizen, pastikan rumah benar-benar aman sebelum menyalakan listrik kembali setelah rumah terendam banjir.  Yuk simak tips dari PLN!  #PLNUntukSemua #PLNUntukIndonesia #PrayforAceh #PrayforSumut #PrayforSumbar #PLNUIDSulselrabar 1 27",2025-12-04,4519,0.9481,Kemiripan 95% dengan id 4519
7368,near_duplicate,duplikat,"Membalas  @RIYAN940206 Tips Aman Menyalakan Listrik Setelah Banjir  Electrizen, pastikan rumah benar-benar aman sebelum menyalakan listrik kembali setelah rumah terendam banjir.  Yuk simak tips dari PLN!  #PLNUntukSemua #PLNUntukIndonesia #PrayforAceh #PrayforSumut #PrayforSumbar #PLNUIDSulselrabar ",2025-12-08,4519,0.9468,Kemiripan 95% dengan id 4519
7368,near_duplicate,duplikat,"Membalas  @RIYAN940206 Tips Aman Menyalakan Listrik Setelah Banjir  Electrizen, pastikan rumah benar-benar aman sebelum menyalakan listrik kembali setelah rumah terendam banjir.  Yuk simak tips dari PLN!  #PLNUntukSemua #PLNUntukIndonesia #PrayforAceh #PrayforSumut #PrayforSumbar #PLNUIDSulselrabar ",2025-12-08,4525,0.9145,Kemiripan 91% dengan id 4525
4552,near_duplicate,duplikat,"Teuku Ryan berbagi kabar tentang keluarganya di Aceh pasca banjir dan longsor. Ia berusaha bantu dengan informasi kebutuhan bantuan. Teuku Ryan soal Kondisi Keluarga di Aceh, Rumah Ortu Terendam Banjir Dari hot.detik.com 1 2 393",2025-12-01,4551,0.944,Kemiripan 94% dengan id 4551
8407,near_duplicate,duplikat,"Banjir itu bukan kutukan langit. Itu hanyalah cara alam berkata, “Aku sudah terlalu lama diam terhadap rakusmu.”  Manusia menebang hutan dengan alasan pembangunan, padahal yang sedang dibangun adalah bencana.  Lalu ketika air mengamuk, rumah-rumah terendam, jalan lumpuh, mereka",2025-11-29,4570,0.9338,Kemiripan 93% dengan id 4570
8382,near_duplicate,duplikat,"Ibu Citra Dewi menjadi Saksi, bahwa belum ada bantuan yang masuk. Hanya PKS yang membantu mereka. Ada 134 orang yang mengungsi di rumah ini sampe H+9 “Tsunami” Banjir Aceh Tamiang. Ada balita, Busui, Bumil. Tamiang, 4 Desember 2025  Dusun Bahagia, Desa Bundar Kab. Aceh Tamiang.",2025-12-06,4645,0.9495,Kemiripan 95% dengan id 4645
8384,near_duplicate,duplikat,"Emang anjeng yg kenceng2 di banjir ga mikirin yg kena arusnya, bisa masuk rumah, ada yg kena semprot aernya  Biar apa sih? Toh pelan malah lebih bagus buat mesin juga kalo saat banjir lebih aman",2025-12-05,4647,0.9274,Kemiripan 93% dengan id 4647
8010,near_duplicate,duplikat,"Sama banget Nder, disini hampir tiap malem hujan deres aku selalu kepikiran gimana kalo mereka kehujanan dan kena banjir lagii. Akhirnya nangis lagi, ya Allah berat cobaan saudara saudaraku disanaa",2025-12-18,4792,0.9428,Kemiripan 94% dengan id 4792
8334,near_duplicate,duplikat,"-dilalui, mau sampai kapan lagi? Banjir memang sudah mereda, tapi masyarakat juga cuma berbekal nyawa, gk ada bekal makanan, apalagi bantuan kesehatan. Kalo dibilang pemerintah kurang gercep ya memang, setidaknya buat jalan menuju titik terparah itu jadi bisa dilalui.",2025-12-06,4870,0.9109,Kemiripan 91% dengan id 4870
8206,near_duplicate,duplikat,"Alasan banjir Sumatra tak jadi bencana nasional. 1. P pusat /presiden Prabowo/konco konco nya  yg paling aktif merusak alam, baik di Sumatra  maupun di Kalimantan. 2. Kalo 3 prv tersebut ditetapkan sebagai bencana nasional,maka media asing akan menyoroti penyebab nya  bencana.",2025-12-06,5044,0.9112,Kemiripan 91% dengan id 5044
8207,near_duplicate,duplikat,"gue nggak heran banyak orang nggak terima sama pernyataan kayak gitu. Soalnya kondisi di lapangan parah banget. Sumatra lumpuh karena banjir dan longsor, dan penyebab utamanya ya jelas hutan dirusak terus, lahan dibuka sembarangan-",2025-12-06,5045,0.9313,Kemiripan 93% dengan id 5045
8213,near_duplicate,duplikat,Wahai org org sumatra barat utara. Aceh..  Tuh kalo dri sudut pandang agama gurun katanya bencana2 d t4 klen di sebabkan maksiat...  Ini kebangetan ngawur ajaran spt ini.  Penyebab banjir jelas krn hutan d babat. Admin ga ada simpati... Pasti mabok agama arab nih org,2025-12-05,5047,0.962,Kemiripan 96% dengan id 5047
8215,near_duplicate,duplikat,"Menteri ESDM Bahlil Lahadalia mengklaim bahwa tambang bukanlah penyebab bencana banjir dan longsor di Sumatra Barat (Sumbar). Sedangkan di Aceh dan Sumatra utara, ia mengaku masih melakukan pengecekan.  Tapi, Wahana Lingkungan Hidup Indonesia (Walhi) Sumatra Barat mengungkap",2025-12-05,5048,0.9538,Kemiripan 95% dengan id 5048
8216,near_duplicate,duplikat,"Bedanya fufufafa sm prabroro, fufufafa ngomong gaje plonga plongo krna emang ga ngerti apa-apa . Sedangkan prabroro aslinya tau banjir di Sumatra itu parah, tapi nolak naikan status Bencana Nasional krna takut penyebab asli bencananya ketahuan pihak luar",2025-12-05,5050,0.9278,Kemiripan 93% dengan id 5050
8582,near_duplicate,duplikat,"Parah nih, nggak nangkap si ulil, larinya ke wahabi, ngapain kesono, jangan2 penyebab banjir bandang dan longsor di sumatra karena ngikutin dia ini.",2025-11-29,5102,0.9463,Kemiripan 95% dengan id 5102
8591,near_duplicate,duplikat,Penyebab banjir dan longsor di Sumatra adalah karena pembalakan liar oleh oligarki dan diijinkan oleh pejabatnya sehingga merusak alam. Mereka memang pki anjing!,2025-11-28,5105,0.9059,Kemiripan 91% dengan id 5105
8221,near_duplicate,duplikat,"Bencana banjir bandang dan tanah longsor Sumatra Utara,  Barat, dan Aceh menarik perhatian luas media asing, seperti Associated Press, New York Times, Reuters, hingga ABC Net. Kantor-kantor berita global soroti parahnya dampak bencana, terutama terkait dugaan kuat adanya peran",2025-12-05,5126,0.9761,Kemiripan 98% dengan id 5126
8597,near_duplicate,duplikat,"Hujan berkepanjangan di sejumlah wilayah Sumatra memicu banjir bandang dan longsor.  Ketika dampak materi dan non materi yang terasa begitu luas, semoga setiap upaya dan bantuan yang hadir dapat mempercepat pemulihan dan membuka jalan menuju hari yang lebih baik.  #AdiraFinance",2025-11-28,5180,0.9416,Kemiripan 94% dengan id 5180
5208,near_duplicate,duplikat,"Bersama untuk Sumatra  Demi Sumatra, kita semua bergerak bersama. TNI, Polri, tokoh publik, dan para relawan di lapangan terus berikhtiar menyalurkan bantuan tanpa henti. Tidak ada yang ditinggalkan, tidak ada yang berjalan sendiri.  #PrayForSumatera #SumatraBangkit #NegaraHadir 1 1 6 rb",2025-12-09,5207,0.9147,Kemiripan 91% dengan id 5207
5217,near_duplicate,duplikat,"Banjir besar di Sumatera: 961 terkorban, 293 masih hilang. Bantuan & pemulihan giat digerakkan. #BanjirSumatera #PrayForSumatera kabar24.bisnis.com Update Data Korban Banjir Sumatra-Aceh (9/12): 961 Meninggal, 293 Masih Hilang Banjir dan longsor di Sumatra-Aceh menewaskan 961 orang, 293 hilang. BNPB",2025-12-09,5214,0.9065,Kemiripan 91% dengan id 5214
5284,near_duplicate,duplikat,Kok bisa  @RajaJuliAntoni   @kemenhut_ri   @GakkumKLHK   @ListyoSigitP   @indo_pol   @psi_id  #PrayForSumatera  @prabowo   @Gerindra   @DPR_RI   @puanmaharani_ri   @KemenLHK   @Haniffaisol_N  #IndonesiaGelap #TolakUUTNI #SupremasiSipil #MariBangunKesadaran #TolakOkupasiTanahRakyat #Desember2025 25,2025-12-08,5282,0.909,Kemiripan 91% dengan id 5282
5284,near_duplicate,duplikat,Kok bisa  @RajaJuliAntoni   @kemenhut_ri   @GakkumKLHK   @ListyoSigitP   @indo_pol   @psi_id  #PrayForSumatera  @prabowo   @Gerindra   @DPR_RI   @puanmaharani_ri   @KemenLHK   @Haniffaisol_N  #IndonesiaGelap #TolakUUTNI #SupremasiSipil #MariBangunKesadaran #TolakOkupasiTanahRakyat #Desember2025 25,2025-12-08,5283,0.9255,Kemiripan 93% dengan id 5283
6001,near_duplicate,duplikat,"Putusnya jembatan darurat tak menghalangi kepedulian. Team Bansar Samapta Polda Riau bersama Samapta Polda Sumbar membantu penyeberangan warga Kampung Seberang pasca banjir bandang di Sumatera Barat, dengan tetap mengutamakan keselamatan.  #PrayForSumatera #LekasPulihSumatera 219 14 462 1 rb",2025-12-08,5344,0.9134,Kemiripan 91% dengan id 5344
8223,near_duplicate,duplikat,"Prozis Ibnu Abbas memberangkatkan relawan, ambulans & logistik untuk saudara kita yang terdampak banjir di Sumatera. Semoga Allah jaga mereka. Donasi kebaikan: Muamalat 5260014381 BSI 7006271612 Info: 085601095333 #PrayForSumatera #AksiKemanusiaan #ProzisIbnuAbbas #Bencana #Aceh",2025-12-06,5492,0.9431,Kemiripan 94% dengan id 5492
5624,near_duplicate,duplikat,"TNI terus hadir untuk Aceh. Pasca banjir Lhokseumawe, Denpal IM/1 memberikan layanan servis dan ganti oli gratis bagi warga sebagai bentuk dukungan nyata pemulihan mobilitas masyarakat.  #TNIUntukRakyat #KodamIM #DenpalIM #LhokseumaweBangkit #AcehPulih #PeduliBencana #TNIHadir 1 1 5 rb",2025-12-09,5623,0.968,Kemiripan 97% dengan id 5623
5757,near_duplicate,duplikat,PLN berhasil menyalakan kembali listrik di lokasi-lokasi vital di Aceh Tamiang pada Kamis (4/12) yang sebelumnya mengalami kerusakan pascabencana banjir yang terjadi.   #PLNUntukSemua #PLNUntukIndonesia #PrayforAceh 43,2025-12-09,5741,0.9147,Kemiripan 91% dengan id 5741
5896,near_duplicate,duplikat,"Polisi menyalurkan air bersih dan membagikan masker kepada masyarakat terdampak banjir di Kabupaten Nagan Raya, Provinsi Aceh. Aksi tersebut hadir sebagai respons cepat atas kondisi warga yang kesulitan mengakses air layak konsumsi sejak banjir melanda wilayah tersebut. Tampilkan lebih banyak 56 12 ",2025-12-09,5786,0.9091,Kemiripan 91% dengan id 5786
5797,near_duplicate,duplikat,"Dalam Instagram miliknya, Irish Bella dan suami, Haldy Sabri, menyalurkan bantuan bertahap untuk korban banjir dan longsor di Sumatera dan Aceh. Irish Bella dan Suami Beri Bantuan Bertahap untuk Korban Banjir-Longsor Sumatera Dari hot.detik.com 248",2025-12-09,5792,0.9554,Kemiripan 96% dengan id 5792
5902,near_duplicate,duplikat,"Electrizen  Banjir dan longsor yang terjadi di wilayah Sibolga, Tapanuli Selatan, Tapanuli Tengah dan Tapanuli Utara memutus akses jalan sehingga menjadi tantangan dalam proses pemulihan listrik.  Namun, hal tersebut tidak mematahkan semangat personel PLN untuk terus melakukan Tampilkan lebih banyak",2025-12-09,5899,0.9173,Kemiripan 92% dengan id 5899
7630,near_duplicate,duplikat,"Banjir dan longsor yang terjadi di wilayah Sibolga, Tapanuli Selatan, Tapanuli Tengah, dan Tapanuli Utara memutus akses jalan sehingga menjadi tantangan dalam proses pemulihan listrik. Namun, hal tersebut tidak mematahkan semangat personel PLN untuk terus melakukan perbaikan. Tampilkan lebih banyak ",2025-12-08,5902,0.9054,Kemiripan 91% dengan id 5902
8271,near_duplicate,duplikat,bukan karena kalah tapi takut sawit sm penebangan hutannya ketahuan. coba ke aceh sekarang sama kaya riau isinya sawit doang wajar pas hujan air ga keserap lagi jadi banjir gini. ngambil sda aceh paling lihai giliran urus bencana tarik ulur wajar nenek moyang minta mrdeka.,2025-12-06,6012,0.9407,Kemiripan 94% dengan id 6012
6026,near_duplicate,duplikat,"Seekor anjing pelacak polisi dari unit K-9 Polda Riau bernama Reno gugur saat bertugas mencari korban bencana banjir-longsor di Agam, Sumatera Barat. Reno adalah anjing pelacak jenis Belgian Malinois. Usianya 8 tahun 4 bulan. Ia gugur dalam operasi Aman Nusa II di Agam kala 3 7 1 rb",2025-12-04,6019,0.9714,Kemiripan 97% dengan id 6019
8278,near_duplicate,duplikat,"Pemerintah melalui Kementerian Lingkungan Hidup/Badan Pengendalian Lingkungan Hidup (KLH/BPLH) mengambil tindakan tegas pasca banjir besar dan longsor di Kabupaten Tapanuli Selatan, Sumatera Utara. Menteri Lingkungan Hidup, Hanif Faisol Nurofiq mengatakan, bahwa tiga perusahaan,",2025-12-06,6081,0.9567,Kemiripan 96% dengan id 6081
8276,near_duplicate,duplikat,PKS Jambi Turunkan Relawan ke Lokasi Longsor dan Banjir Sumatra,2025-12-06,6121,0.9108,Kemiripan 91% dengan id 6121
6605,near_duplicate,duplikat,"Kampung boleh lenyap. Sekolah bisa hancur. Namun, semangat belajar siswa penyintas bencana di Batang Toru, Tapanuli Selatan, Sumatera Utara, tetap menyala. #Lingkungan #AdadiKompas Sekolah Hancur karena Bencana, Semangat Belajar Tak Padam Dari kompas.id 36",2025-12-09,6162,0.9567,Kemiripan 96% dengan id 6162
6256,near_duplicate,duplikat,"Polri melalui jajaran Polda Sumatera Barat (Sumbar) memberikan dukungan penuh penanganan bencana alam yang terjadi di wilayah Sumatera, termasuk pengerahan personel untuk pemulihan listrik. Berkat sinergi antara Polri dan PLN, pemulihan listrik kini telah mencapai 100% 18",2025-12-09,6212,0.9396,Kemiripan 94% dengan id 6212
6311,near_duplicate,duplikat,"Polri melalui jajaran Polda Sumatera Barat (Sumbar) memberikan dukungan penuh penanganan bencana alam yang terjadi di wilayah Sumatera, termasuk pengerahan personel untuk pemulihan listrik. Berkat sinergi antara Polri dan PLN, pemulihan listrik kini telah mencapai 100% wilayah 1 26",2025-12-09,6212,0.9404,Kemiripan 94% dengan id 6212
6311,near_duplicate,duplikat,"Polri melalui jajaran Polda Sumatera Barat (Sumbar) memberikan dukungan penuh penanganan bencana alam yang terjadi di wilayah Sumatera, termasuk pengerahan personel untuk pemulihan listrik. Berkat sinergi antara Polri dan PLN, pemulihan listrik kini telah mencapai 100% wilayah 1 26",2025-12-09,6256,0.9661,Kemiripan 97% dengan id 6256
6334,near_duplicate,duplikat,"Polri melalui jajaran Polda Sumatera Barat (Sumbar) memberikan dukungan penuh penanganan bencana alam yang terjadi di wilayah Sumatera, termasuk pengerahan personel untuk pemulihan listrik. Berkat sinergi antara Polri dan PLN, pemulihan listrik kini telah mencapai 100% wilayah Tampilkan lebih banyak",2025-12-09,6256,0.9077,Kemiripan 91% dengan id 6256
6334,near_duplicate,duplikat,"Polri melalui jajaran Polda Sumatera Barat (Sumbar) memberikan dukungan penuh penanganan bencana alam yang terjadi di wilayah Sumatera, termasuk pengerahan personel untuk pemulihan listrik. Berkat sinergi antara Polri dan PLN, pemulihan listrik kini telah mencapai 100% wilayah Tampilkan lebih banyak",2025-12-09,6311,0.9083,Kemiripan 91% dengan id 6311
6666,near_duplicate,duplikat,"Bantuan kemanusiaan GP Ansor kembali bergerak menuju Sumatera Barat, setelah sebelumnya disalurkan ke Aceh dan Sumatera Utara, Senin (8/12).   Total logistik yang telah dihimpun mencapai Rp1 miliar, terdiri dari kebutuhan pangan, perlengkapan kebersihan, selimut, obat-obatan. 1 2 3 85",2025-12-09,6659,0.9072,Kemiripan 91% dengan id 6659
6714,near_duplicate,duplikat,Bantuan Kemanusiaan Polda Sumsel dan Bhayangkari Daerah Sumsel Tiba di Polres Tapanuli Selatan  Bantuan kemanusiaan dari Polda Sumatera Selatan bersama Bhayangkari Daerah Sumsel untuk korban bencana alam di wilayah Provinsi Sumatera Selatan akhirnya tiba di Polres Tapanuli Tampilkan lebih banyak 1 5,2025-12-08,6713,0.9638,Kemiripan 96% dengan id 6713
6718,near_duplicate,duplikat,Penyerahan Bantuan Kemanusiaan Polda Sumsel dan Bhayangkari Tiba di Polres Tapanuli Selatan  Bantuan kemanusiaan dari Polda Sumatera Selatan bersama Bhayangkari Daerah Sumsel untuk korban bencana alam di wilayah Provinsi Sumatera Selatan akhirnya tiba di Polres Tapanuli Selatan 1 49,2025-12-07,6713,0.9442,Kemiripan 94% dengan id 6713
6719,near_duplicate,duplikat,Bantuan Kemanusiaan Polda Sumsel dan Bhayangkari Daerah Sumsel Tiba di Polres Tapanuli Selatan  Bantuan kemanusiaan dari Polda Sumatera Selatan bersama Bhayangkari Daerah Sumsel untuk korban bencana alam di wilayah Provinsi Sumatera Selatan akhirnya tiba di Polres Tapanuli 1 41,2025-12-07,6713,0.9128,Kemiripan 91% dengan id 6713
6718,near_duplicate,duplikat,Penyerahan Bantuan Kemanusiaan Polda Sumsel dan Bhayangkari Tiba di Polres Tapanuli Selatan  Bantuan kemanusiaan dari Polda Sumatera Selatan bersama Bhayangkari Daerah Sumsel untuk korban bencana alam di wilayah Provinsi Sumatera Selatan akhirnya tiba di Polres Tapanuli Selatan 1 49,2025-12-07,6714,0.9118,Kemiripan 91% dengan id 6714
6719,near_duplicate,duplikat,Bantuan Kemanusiaan Polda Sumsel dan Bhayangkari Daerah Sumsel Tiba di Polres Tapanuli Selatan  Bantuan kemanusiaan dari Polda Sumatera Selatan bersama Bhayangkari Daerah Sumsel untuk korban bencana alam di wilayah Provinsi Sumatera Selatan akhirnya tiba di Polres Tapanuli 1 41,2025-12-07,6714,0.9496,Kemiripan 95% dengan id 6714
6719,near_duplicate,duplikat,Bantuan Kemanusiaan Polda Sumsel dan Bhayangkari Daerah Sumsel Tiba di Polres Tapanuli Selatan  Bantuan kemanusiaan dari Polda Sumatera Selatan bersama Bhayangkari Daerah Sumsel untuk korban bencana alam di wilayah Provinsi Sumatera Selatan akhirnya tiba di Polres Tapanuli 1 41,2025-12-07,6718,0.9276,Kemiripan 93% dengan id 6718
6721,near_duplicate,duplikat,Bantuan Kemanusiaan Polda Sumsel dan Bhayangkari Daerah Sumsel Tiba di Polres Tapanuli Selatan  Bantuan kemanusiaan dari Polda Sumatera Selatan bersama Bhayangkari Daerah Sumsel untuk korban bencana alam Polsek Ilir Timur I Palembang (@polsek_it1palembang) • Instagram photo Dari instagram.com 1 32,2025-12-07,6720,0.9462,Kemiripan 95% dengan id 6720
8312,near_duplicate,duplikat,"Hal-2  3) Terdampak paling parah olh Deforestasi 1985-1997 = Sumatera (Riau, Sumut, Sumsel, Jambi) 4) Data WALHI 2025: 631 Perusahaan terlibat Deforestasi di Sumut, Aceh & Sumbar sejak 2018 - 2025.  4) DAS2 di daerah2 tsb sudah rusak/hancur daya dukung/tampungnya, dibawah 25%.",2025-12-06,6722,0.9027,Kemiripan 90% dengan id 6722
8366,near_duplicate,duplikat,"Perjalanan Bantuan Sosial Dari Polda Sumsel Menuju Kab. Tapanuli Tengah Provinsi Sumatera Utara Untuk Korban Terdampak Banjir.  Bila ada permasalahan dan butuh bantuan Polisi silahkan hubungi :  Call Center: 110 (Bebas Pulsa)  ""KAMI SIAP MELAYANI 24 JAM""",2025-12-06,6727,0.9303,Kemiripan 93% dengan id 6727
6741,near_duplicate,duplikat,"Bantuan Bencana Alam Sumatera Oleh Sat Brimob Polda Sumsel Mengirimkan Tim Mobil Dapur Lapangan dan Tim Mobil Water treatment  Bila ada permasalahan dan butuh bantuan Polisi silahkan hubungi :  Call Center : 110 (Bebas Pulsa)  ""KAMI SIAP MELAYANI 24 JAM"" 2 37",2025-12-05,6738,0.9338,Kemiripan 93% dengan id 6738
8303,near_duplicate,duplikat,"Laporan follower dari Aceh : Min, Aceh sudah mulai naik lagi air daerah Pidie Jaya Meureudu (salah satu tempat putus jembatan nasional) menurut berita sudah 1 meter air nya.",2025-12-06,6787,0.9362,Kemiripan 94% dengan id 6787
6868,near_duplicate,duplikat,"ketika air naik dan akses terputus, Bantuan Pelayanan Polri menjadi garda terdepan, membantu distribusi logistik bagi korban banjir di sumatra, kepedulian selalu menemukan jalan #BersamaPulihKembali 1 2 1 rb",2025-12-01,6866,0.9553,Kemiripan 96% dengan id 6866
8326,near_duplicate,duplikat,"Badan Penanggulangan Bencana Daerah (BPBD) DKI Jakarta melaporkan  sebanyak 23 RT dan dua ruas jalan tergenang di Kota Jakarta Utara dan  Kabupaten Kepulauan Seribu terdampak banjir rob pada Sabtu (6/12) siang.  ""Ada  23 RT dan dua ruas jalan yang tergenang banjir rob di Jakarta",2025-12-06,6870,0.9676,Kemiripan 97% dengan id 6870
8330,near_duplicate,duplikat,"Gubernur Aceh Muzakir Manaf(Mualem), menyampaikan kekecewaannya terhadap BNPB atas penanganan banjir besar, terutama di Aceh Tamiang. Ia menilai lambatnya evakuasi pada hari-hari awal membuat jumlah korban di jalur utama Langsa–Aceh Tamiang semakin bertambah.  Saat rapat",2025-12-06,6947,0.9248,Kemiripan 92% dengan id 6947
7268,near_duplicate,duplikat,"Viral! Duka Korban Banjir Bandang Belum Usai, Kepala BNPB Tertangkap Kamera sedang Nge-Mall di Kota Medan Viral! Duka Korban Banjir Bandang Belum Usai, Kepala BNPB Tertangkap Kamera sedang Nge-Mall di Kota... Dari gelora.co 2 9 8 2 rb",2025-12-09,7266,0.966,Kemiripan 97% dengan id 7266
7631,near_duplicate,duplikat,"Banjir dan longsor yang terjadi di wilayah Sibolga, Tapanuli Selatan, Tapanuli Tengah dan Tapanuli Utara memutus akses jalan sehingga menjadi tantangan dalam proses pemulihan listrik. Namun, hal tersebut tidak mematahkan semangat personel PLN untuk terus melakukan perbaikan.(1/2) 1 36",2025-12-08,7630,0.9278,Kemiripan 93% dengan id 7630
7858,near_duplicate,duplikat," OPEN DONASI, Bismillahirrahmaanirrahiim  PATUNGAN - Warga Bantu Warga   #PrayForSumatera #PrayForAceh  SUMATRA DARURAT Sibolga | Padang | Aceh | Medan  Bencana besar melanda. Ribuan warga kehilangan rumah, terjebak banjir, dan kekurangan logistik.  Jembatan penghubung",2025-12-25,7853,0.9321,Kemiripan 93% dengan id 7853
