id,text_with_emoticon,sentimen_old,label_old,label_llm,confidence,reason,need_review,arah,kategori,kategori_manual
13,"Warga Apresiasi Upaya Pemerintah Normalisasi Sungai Batang Kuranji di Sumbar: Bisa Nikmati Jalan Seperti Semula Jakarta - Sungai Batang Kuranji di Padang, Sumatra Barat, meluap hingga menyebabkan banjir bandang pada November 2025 lalu. Warga setempat bernama Asriluju bercerita, Tampilkan lebih banyak 1 493",positif,2,negatif,81,(dry-run) label simulasi untuk id 13,True,positif -> negatif,Apresiasi,
85,"PAKAR kebencanaan Universitas Gadjah Mada (UGM) Prof. Dwikorita Karnawati mengapresiasi progres pembangunan hunian sementara (huntara) bagi warga terdampak banjir bandang dan tanah longsor di Aceh, Pakar UGM Ingatkan Aspek Keselamatan dalam Pembangunan Huntara Sumatra Dari mediaindonesia.com 169",positif,2,negatif,72,(dry-run) label simulasi untuk id 85,True,positif -> negatif,Apresiasi,
161,"Pemerintah harus cepat tanggap membantu para korban bencana alam yang ada di seluruh Indonesia, khususnya di pulau Sumatera saat ini. #PrayForSumatera 1 32",positif,2,netral,72,(dry-run) label simulasi untuk id 161,True,positif -> netral,Lainnya,
189,"Akhirnya Warga Terdampak Banjir di Aceh Tamiang Mulai Menempati Huntara ! Setelah lebih dari sebulan tinggal di tenda, sekarang warga mulai nempatin huntara dari Danantara. Rika Jahara salah satunya yang merasa senang dan bersyukur banget bisa tinggal di huntara. Tampilkan lebih banyak 6 12 52 9 rb",positif,2,netral,81,(dry-run) label simulasi untuk id 189,True,positif -> netral,Sarkasme,
196,"Membalas @tijabar Solusi tepat! Warga Aceh Tamiang bisa pilih huntara terpusat atau in-situ, sesuai kebutuhan dan preferensi. Terima kasih, Pak Prabowo, atas perhatian dan prioritas untuk penyediaan hunian! #Prabowo #AcehTamiang #Banjir 87",positif,2,netral,99,(dry-run) label simulasi untuk id 196,True,positif -> netral,Sarkasme,
356,Kerja bareng pemerintah dan TNI hasilkan pemulihan cepat bagi korban banjir di Aceh #GerakCepat 12,positif,2,negatif,75,(dry-run) label simulasi untuk id 356,True,positif -> negatif,Lainnya,
377,"Menyeberang jalan di Aceh kini mempertaruhkan nyawa . Pasca banjir dan longsor Aceh–Sumatra, ratusan jalan dan jembatan banyak yang rusak dan terputus. Warga diminta ekstra waspada @Prabowo menugaskan TNI, dipimpin KSAD Jenderal Maruli Simanjuntak, untuk percepatan Tampilkan lebih banyak 17 174 273 6 rb",negatif,0,netral,69,(dry-run) label simulasi untuk id 377,True,negatif -> netral,Lainnya,
394,Pemerintah siapkan skema bantuan untuk korban banjir di Aceh 13,positif,2,netral,95,(dry-run) label simulasi untuk id 394,True,positif -> netral,Lainnya,
411,Ya Allah Aceh banjir lagi 657,negatif,0,positif,58,(dry-run) label simulasi untuk id 411,True,negatif -> positif,Lainnya,
514,"Badan Nasional Penanggulangan Bencana (BNPB) mencatat korban meninggal akibat bencana banjir bandang dan longsor di sejumlah wilayah Sumatera mencapai 1.177 orang per 4 Januari 2026. Jumlah tersebut bertambah 10 korban dari hari sebelumnya, dengan sebaran di Aceh Utara, Tampilkan lebih banyak 148",netral,1,positif,62,(dry-run) label simulasi untuk id 514,True,netral -> positif,Informational,
520,"Gubernur Aceh, Muzakir Manaf yang akrab disapa Mualem, meninjau langsung kesiapan bantuan alat berat di gudang transit Tanjung Morawa, Sumatera Utara. Alat-alat berat ini disiapkan khusus untuk menangani dampak kerusakan infrastruktur akibat banjir bandang yang melanda Aceh. Tampilkan lebih banyak 19 93 451 22 rb",positif,2,negatif,62,(dry-run) label simulasi untuk id 520,True,positif -> negatif,Lainnya,
557,"Hujan deras yang kembali mengguyur Kota Sibolga, Sumatera Utara, membuat air Sungai Aek Doras meluap, Jumat (2/1/2026). Kondisi ini membuat warga sekitar cemas lantara banjir bandang yang dikhawatirkan akan kembali menerjang. 201",negatif,0,netral,73,(dry-run) label simulasi untuk id 557,True,negatif -> netral,Lainnya,
559,"Sekretaris Kabinet (Seskab) Teddy Indra Wijaya menyebut, pembangunan rumah ini seiring dengan perbaikan fasilitas publik yang sempat rusak karena banjir bandang dan tanah longsor di Aceh, Sumatera Utara (Sumut), dan Sumatera Barat (Sumbar). Baca selengkapnya Tampilkan lebih banyak 1 826",negatif,0,positif,96,(dry-run) label simulasi untuk id 559,True,negatif -> positif,Lainnya,
609,"Kapolri Jenderal Listyo Sigit Prabowo menyatakan Polri membuka layanan servis dan cuci motor gratis bagi warga terdampak bencana banjir dan longsor di Aceh, Sumatera Utara, dan Sumatera Barat. Layanan tersebut disiapkan agar kendaraan roda dua milik warga yang sempat rusak Tampilkan lebih banyak 1 1 182",negatif,0,positif,78,(dry-run) label simulasi untuk id 609,True,negatif -> positif,Lainnya,
626,BMKG Peringatkan Potensi Hujan Lebat Meluas hingga 14 Januari 2026 baca selengkapnya BMKG Peringatkan Potensi Hujan Lebat Meluas hingga 14 Januari 2026 Dari netralnews.com 1 59,netral,1,negatif,84,(dry-run) label simulasi untuk id 626,True,netral -> negatif,Lainnya,
642,Kapolsek Sindue Pimpin Giat Kurvei Pasca Banjir serta Longsor. . @DivHumas_Polri @humaspolsulteng #polseksindue #humaspolresdonggala #polriuntukmasyarakat 16,netral,1,negatif,98,(dry-run) label simulasi untuk id 642,True,netral -> negatif,Lainnya,
773,"Upaya ini dilakukan agar proses pendidikan tetap berjalan tanpa harus menunggu pengadaan baru yang memerlukan waktu dan biaya besar. #HematAnggaran #DisdikAceh #MobilerBekasBanjir Alasan Hemat Anggaran, Disdik Aceh Sulap Mobiler Bekas Banjir Demi Percepat Pemulihan KBM -... Dari aceh.tribunnews.com 30",positif,2,negatif,88,(dry-run) label simulasi untuk id 773,True,positif -> negatif,Lainnya,
828,"Membalas @infomitigasi Rumah sy dari bukit kalau selatan 300 meter kalau utara 500 meter,dg sungai 400 meter,sementara ini aman dari banjir besar,setelah dibangun waduk sermo 1 30",netral,1,negatif,64,(dry-run) label simulasi untuk id 828,True,netral -> negatif,Informational,
830,"Membalas @Excel_Dee Orang jawa kuno lebih percaya bilang kalau pohon besar itu di tebang nanti mbahe ngamuk.. sebaliknya kalau bilang pohon itu ditebang dapat menyebabkan banjir longsor, mungkin tak akan percaya 1 155",netral,1,negatif,95,(dry-run) label simulasi untuk id 830,True,netral -> negatif,Lainnya,
896,polri ga kaleng2! Gercep bantuin warga bintang aceh yg terisolir. Thank u so much 18,positif,2,netral,67,(dry-run) label simulasi untuk id 896,True,positif -> netral,Lainnya,
950,"Banjir bandang dan banjir kayu kembali melanda Aceh pada 8 Januari 2026 di wilayah Lampahan, Bener Meriah. Bencana ini berpotensi memicu longsor baru dan menutup kembali jalan yang baru saja diperbaiki oleh warga. Cerita bencana di Aceh belum berakhir—masyarakat diimbau Tampilkan lebih banyak 4 272 359 4 rb",negatif,0,netral,65,(dry-run) label simulasi untuk id 950,True,negatif -> netral,Informational,
1073,Pemprov Sumatera Utara Siapkan Rp430 Miliar untuk Pemulihan Pascabencana Pemprov Sumatera Utara Siapkan Rp430 Miliar untuk Pemulihan Pascabencana - Teritorial24 Dari teritorial24.com 3,positif,2,netral,77,(dry-run) label simulasi untuk id 1073,True,positif -> netral,Lainnya,
1097,"Membalas @wakekefriend 5. Model ini relevan untuk wilayah rawan bencana seperti Aceh, Sumatera Utara, dan Sumatera Barat—di mana masyarakat butuh solusi cepat, bukan janji jangka panjang tanpa hasil nyata. 1 43",netral,1,negatif,87,(dry-run) label simulasi untuk id 1097,True,netral -> negatif,Lainnya,
1114,"Kepala Pusat Data, Informasi, dan Komunikasi Kebencanaan BNPB Abdul Muhari menyebut, pemasangan 270 unit jembatan darurat bailey untuk tiga provinsi terdampak bencana di Aceh, Sumatera Utara (Sumut), dan Sumatera Barat (Sumbar) dikebut. @BNPB_Indonesia 1 1 71",netral,1,positif,93,(dry-run) label simulasi untuk id 1114,True,netral -> positif,Informational,
1206,Kondisi yang menantang di lapangan tak menyurutkan semangat insan Telkom untuk menyalurkan bantuan kemanusiaan dan melakukan aksi sosial. Hal ini menjadi bentuk nyata untuk mendukung pemulihan masyarakat terdampak becana di wilayah Sumatra. Dengan semangat gotong royong dan Tampilkan lebih banyak 3 3 9 329,positif,2,netral,88,(dry-run) label simulasi untuk id 1206,True,positif -> netral,Apresiasi,
1254,"Membalas @bsbsjsnwu784998 Dengan kerja bersama dan gotong royong, Aceh Sumatra Bangkit dari bencana menuju kehidupan yang lebih aman dan tangguh 10",positif,2,netral,71,(dry-run) label simulasi untuk id 1254,True,positif -> netral,Lainnya,
1269,"Pulihkan Anak, Bangkitkan Masa Depan, KPAI Kawal Ketat Penanganan Anak Pascabencana di Sumatra Pulihkan Anak, Bangkitkan Masa Depan, KPAI Kawal Ketat Penanganan Anak Pascabencana di Sumatra -... Dari lombokpost.jawapos.com 3",positif,2,netral,87,(dry-run) label simulasi untuk id 1269,True,positif -> netral,Lainnya,
1312,Pendistribusian Genset ke Desa terisolir di Aceh Aceh Sumatra Bangkit 11,positif,2,negatif,83,(dry-run) label simulasi untuk id 1312,True,positif -> negatif,Lainnya,
1362,Menteri Kesehatan Budi Gunadi Sadikin memastikan rehabilitasi rumah tenaga kesehatan (nakes) korban banjir Sumatra akan dituntaskan sebelum Ramadhan 2026. Pemerintah menargetkan para nakes sudah bisa kembali menempati rumah masing-masing agar pelayanan kesehatan berjalan normal Tampilkan lebih banyak 1 1 293,negatif,0,netral,78,(dry-run) label simulasi untuk id 1362,True,negatif -> netral,Lainnya,
1367,"Membalas @BobbieTrussell Upaya berkelanjutan dalam pemulihan sosial dan ekonomi menunjukkan keseriusan pemerintah. Aceh Sumatra Pulih bukan sekadar slogan, melainkan tujuan bersama 12",positif,2,negatif,75,(dry-run) label simulasi untuk id 1367,True,positif -> negatif,Lainnya,
1385,"Hujan deras yang mengguyur Kota Bandar Lampung sejak Kamis sore mengakibatkan tujuh kecamatan terdampak banjir. BPBD Kota Bandar Lampung bersama tim gabungan Damkar, Satpol PP, dan Forkopimda melakukan evakuasi di wilayah terdampak. 1 74",negatif,0,netral,77,(dry-run) label simulasi untuk id 1385,True,negatif -> netral,Lainnya,
1469,"Berdasarkan data BNPB, terdapat puluhan ribu rumah yang terdampak di tiga provinsi Sumatera. Rinciannya: 76.588 rusak ringan, 45.106 rusak sedang, dan 53.432 rusak berat. Penanganan serius terus berjalan! #DataBNPB #Sumatera Semua Rumah Korban Bencana Sumatera akan Diganti Pemerintah Dari kompasiana.com 15",negatif,0,netral,58,(dry-run) label simulasi untuk id 1469,True,negatif -> netral,Informational,
1478,"Badan Nasional Penanggulangan Bencana (BNPB) mencatat adanya penambahan korban jiwa akibat bencana dalam dua hari terakhir. Kepala Pusat Data, Informasi, dan Komunikasi Kebencanaan BNPB, Abdul Muhari, menyebutkan penambahan korban meninggal berasal dari Aceh Utara sebanyak 1 Tampilkan lebih banyak 356",negatif,0,positif,91,(dry-run) label simulasi untuk id 1478,True,negatif -> positif,Kritik,
1510,"Membalas @Aceh @pln_123 dan 3 lainnya Kasihan banget. Moga saudara2ku di Aceh tabah hadapi semua keadaan ini. Maklum pemerintah kita Superman, ga butuh bantuan negara lain. Seandainya terbuka menerima bantuan dan jadikan bencana Sumatera dan Aceh bencana nasional, mgkin sikon di daerah terdampak banjir jauh LBH baik 2 372",positif,2,netral,77,(dry-run) label simulasi untuk id 1510,True,positif -> netral,Sarkasme,
1578,banjir pluit bahkan dr jembatan 3 arah empo aj udah parah 1 431,negatif,0,positif,55,(dry-run) label simulasi untuk id 1578,True,negatif -> positif,Sarkasme,
1602,"Bencana Sumut 2025 jadi pengingat agar TPL konsisten mengelola 46 ribu hektar lahan eukaliptusnya, industri lestari seperti TPL harus didukung, pokoknya terus semangat! Pelajaran dari Banjir Sumatera: Penguatan Lanskap dan Tata Kelola Berbasis Ilmiah Mendesak Dilaku... Dari jawapos.com 39",netral,1,positif,91,(dry-run) label simulasi untuk id 1602,True,netral -> positif,Sarkasme,
1609,"Banjir dan longsor Sumut jadi pengingat pentingnya pengelolaan hutan yang berkelanjutan. Dalam konteks itu, TPL bisa jadi contoh praktik industri lestari yang perlu terus didukung dan diawasi secara adil. 1:54 24",netral,1,positif,92,(dry-run) label simulasi untuk id 1609,True,netral -> positif,Sarkasme,
1654,"Membalas @msaid_didu Bang Said sudah mengunjungi saudara-saudara kita di Aceh, Sumut & Sumbar yang menjadi Korban Bencana Banjir & Longsor? 20",negatif,0,positif,77,(dry-run) label simulasi untuk id 1654,True,negatif -> positif,Lainnya,
1809,"Kejaksaan Agung menyatakan banjir Sumatra disebabkan alih fungsi lahan masif di hulu, bukan semata fenomena alam. Bukan Alam, Jaksa Agung Sebut Bencana Sumatra Akibat Alih Fungsi Hutan Dari suara.com 1 176",netral,1,positif,61,(dry-run) label simulasi untuk id 1809,True,netral -> positif,Lainnya,
1813,Membalas @poconxg Banjir bandang sumatra 2025 10,netral,1,positif,71,(dry-run) label simulasi untuk id 1813,True,netral -> positif,Lainnya,
1836,"CHRISTMAS CHARITY CERIATHON 2025 #JakaCeria #VtuberID #Vtuber #Charity #Ceriathon CERIATHON 2025 KEMBALI LAGI!!! Untuk tahun ini kita akan menyalurkan bantuan ke saudara-saudara kita yang terkena dampak bencana banjir di sumatra, info lebih lanjut di reply~ 1 5 11 1 rb",positif,2,netral,82,(dry-run) label simulasi untuk id 1836,True,positif -> netral,Informational,
1849,"Membalas @kafirliberal ..membuka akses bantuan internasional."" Aksi ini muncul setelah banjir bandang dan longsor besar akibat Siklon Senyar akhir November 2025 menewaskan lebih dari 1.000 orang & mengungsikan jutaan warga di Aceh dan wilayah Sumatra. Krisis pangan, air bersih,listrik,serta ancaman.. 17",negatif,0,netral,64,(dry-run) label simulasi untuk id 1849,True,negatif -> netral,Sarkasme,
2003,"Membalas @starfess Stay safe teman teman, semoga lekas pulih untuk yang terdampak #AllEyesOnSumatera #PrayForSumatera #PrayForTapanuli #PrayForSibolga #PrayForAceh 41",positif,2,netral,63,(dry-run) label simulasi untuk id 2003,True,positif -> netral,Lainnya,
2026,Akun komentar Update lokasi jembatan gunung nago dan lambung bukit #PrayForSumatera #PrayForSumatra #PrayForAceh 1 4 94,netral,1,positif,94,(dry-run) label simulasi untuk id 2026,True,netral -> positif,Informational,
2082,Membalas @dyahNeZza Bgtulah...hanya celotehan aja. #PrayForSumatera 1 19,negatif,0,netral,94,(dry-run) label simulasi untuk id 2082,True,negatif -> netral,Lainnya,
2083,Fii amanillah #PrayForSumatera 49,positif,2,netral,61,(dry-run) label simulasi untuk id 2083,True,positif -> netral,Lainnya,
2098,Kementerian Kehutanan mengklaim kayu-kayu tersebut adalah pepohonan tua yang tumbang saat diterjang derasnya banjir. Dari menteri kek si @RajaJuliAntoni Sampee anak buahnya PAOK semua..bangsat*ttt #PrayForSumatera 38,negatif,0,positif,66,(dry-run) label simulasi untuk id 2098,True,negatif -> positif,Lainnya,
2201,Semoga segera pulih Pulau Sumatera-ku tercinta #PrayForSumatera #PrayForSumateraBarat #PrayForAceh #PrayForSumateraUtara 49,positif,2,negatif,77,(dry-run) label simulasi untuk id 2201,True,positif -> negatif,Lainnya,
2334,banjir tak hentikan semangat! #SatgasPemulihanBencana bantu warga aceh sumatra bangkit kembali yuk bersama sama untuk Pemulihan Bencana Aceh Sumatra Dari dhanesa 26,positif,2,netral,82,(dry-run) label simulasi untuk id 2334,True,positif -> netral,Apresiasi,
2395,"Air bisa diprediksi, karakter manusia tidak. Laporan lapangan menunjukkan harga beras, mie instan, air minum, dan bahan bakar melonjak hingga 50%, rak pasar kosong, sementara di gudang spekulan, barang menumpuk menunggu “harga naik”. aceh.tribunnews.com Banjir Bukan Takdir, Tapi Buah Keserakahan - Serambinews.com Dalam tradisi Islam, ihtikar, menimbun barang demi keuntungan saat kelangkaan, adalah dosa publik. 53",negatif,0,positif,61,(dry-run) label simulasi untuk id 2395,True,negatif -> positif,Informational,
2409,"Banjir Aceh itu mengingatkan saya banjir di Mojokerto awal tahun 2004. Bukan banjir yang menggenang karena curah hujan. Namun banjir bandang yang disebabkan ada tanggul yang jebol di dataran tinggi. Memang karena curah hujan juga, tapi lebih karena ""dikirim"" dari daerah yang Tampilkan lebih banyak 3 12 46 6 rb",netral,1,negatif,82,(dry-run) label simulasi untuk id 2409,True,netral -> negatif,Informational,
2418,Kerja Nyata Relawan SPPG MBG Tanah Jambo Aye Aceh bekerja keras mendistribusikan paket MBG utk anak-anak pengungsi banjir di beberapa wilayah Aceh. Bantuan MBG ini utk memenuhi kebutuhan gizi para pengungsi yg terdampak bencana alam. #LanjutkanMBG Pecat Aceh Desember Sumatera 77,positif,2,netral,60,(dry-run) label simulasi untuk id 2418,True,positif -> netral,Lainnya,
2511,"Membalas @pulupuluextra @arman_dhani dan @ssunniestd Di Padang & Palu bencananya GEMPA. di aceh, sumbar, sumut bencananya BANJIR Bandang yg disebabkan deforestisasi. Ga lihat apa kayu gelondongan gede2 ikut hanyut? 182",negatif,0,netral,97,(dry-run) label simulasi untuk id 2511,True,negatif -> netral,Lainnya,
2513,"Viral Evakuasi Ibu Hamil di Padang Jelang Lahiran, Jalan Putus Akibat Banjir Salurkan bantuan antum ke: * BSI 7800-000-658 Konfirmasi Transfer : * ⁠⁠0859-2340-0001 (Admin Little Project) Mari follow @littleproject .idn #PrayForSumatera #BencanaSumatera #BanjirAceh 1 63",positif,2,negatif,55,(dry-run) label simulasi untuk id 2513,True,positif -> negatif,Lainnya,
2545,"Hallo #SahabatTangguh! Pemerintah mengoptimalkan distribusi air bersih bagi masyarakat terdampak banjir dan longsor di Kabupaten Padang Pariaman, Provinsi Sumatera Barat. Upaya ini dilakukan bersama 36",netral,1,positif,86,(dry-run) label simulasi untuk id 2545,True,netral -> positif,Sarkasme,
2634,"Cuma pak Zulkifli Hasan yang gerak cepat bantu warga Sumatera yang terdampak bencana. Pasokan bantuan tersalurkan dengan cepat dan Janji Rumah Zulhas melahirkan kembali semangat para korban untuk menata hidup kembali lebih baik detik.com Kunjungi Padang, Zulhas Janji Pasokan Pangan 2 Kali Lipat untuk Korban Banjir Menkop Pangan Zulkifli Hasan kunjungi posko bencana banjir di Padang, janjikan pasokan pangan dua kali lipat untuk korban dan rencanakan pembangunan rumah. 1 21",negatif,0,positif,75,(dry-run) label simulasi untuk id 2634,True,negatif -> positif,Apresiasi,
2711,"Rabu, 10/12 PT SGPJB menyerahkan donasi bantuan penyintas Banjir Sumatera. Bantuan diserahkan Direktur General Affairs PT SGPJB, Tumpal Sirait, kepada Bupati Tapanuli Selatan, Gus Irawan Pasaribu, di Posko Tanggap Darurat Bencana Banjir & Tanah Longsor Kabupaten Tapanuli Selatan. 49",positif,2,netral,68,(dry-run) label simulasi untuk id 2711,True,positif -> netral,Lainnya,
2737,"Pemerintah Kota Palembang, Sumatera Selatan menggelar kegiatan sholawat akbar untuk mengajak warga mendoakan khususnya kepada korban banjir di Sumatera Barat, Sumatera Utara, dan Aceh. Pemkot Palembang gelar sholawat akbar untuk doakan korban banjir di Sumatra - ANTARA News Bengkulu Dari bengkulu.antaranews.com 88",negatif,0,positif,72,(dry-run) label simulasi untuk id 2737,True,negatif -> positif,Lainnya,
2784,"Bupati Aceh Selatan di Pecat Gerindra dari Ketua DPC, Imbas Umrah saat Bencana Banjir Longsor di Sumatera riau24.com Bupati Aceh Selatan di Pecat Gerindra dari Ketua DPC, Imbas Umrah saat Bencana Banjir Longsor di... Partai Gerindra mengambil sikap tegas terhadap Mirwan MS, Ketua DPC Gerindra Aceh Selatan, yang juga Bupati wilayah tersebut. 40",negatif,0,netral,71,(dry-run) label simulasi untuk id 2784,True,negatif -> netral,Lainnya,
2787,"Usai meninjau wilayah terdampak bencana di Kabupaten Tapanuli Selatan, Sumatera Utara, Wapres Gibran Rakabuming melanjutkan rangkaian peninjauan lapangan ke sejumlah wilayah terdampak bencana di Kabupaten Aceh Singkil, Aceh, Kamis, 4 Desember 2025. indomedia.co Wapres Tinjau Dampak Banjir dan Longsor Aceh Singkil Usai meninjau wilayah terdampak bencana di Kabupaten Tapanuli Selatan, Sumatera Utara, Wakil Presiden (Wapres) Gibran Rakabuming melanjutkan rangkaian peninjauan lapangan ke sejumlah wilayah terdam... 97",netral,1,positif,96,(dry-run) label simulasi untuk id 2787,True,netral -> positif,Lainnya,
2794,"Wakil Presiden Gibran Rakabuming Raka mencatat langsung keluhan para korban banjir bandang dan longsor di dua posko pengungsian di Tapanuli Selatan (Tapsel), Sumatera Utara, Kamis (4/12/2025). Ia membawa buku saku yang sudah digunakannya sejak kunjungan ke Kabupaten Agam, Tampilkan lebih banyak 68 24 63 32 rb",negatif,0,positif,70,(dry-run) label simulasi untuk id 2794,True,negatif -> positif,Lainnya,
2820,"PRAY FOR SUMBAR Kondisi sungai Gunung Nago, Sumatera Barat, Hari Minggu (14/12/2025), sekitar pukul 16: 00 : beritasumbar 26 277 654 41 rb",netral,1,positif,64,(dry-run) label simulasi untuk id 2820,True,netral -> positif,Lainnya,
2872,"Duka di Aceh, Sumatera Barat, dan Sumatera Utara adalah duka kita bersama. Karantina Sulawesi Selatan turut berempati dan mendoakan keselamatan seluruh warga terdampak pada musibah banjir dan longsor. Semoga kondisi segera pulih dan masyarakat diberi ketabahan. #PrayForSumatera 1 102",negatif,0,positif,68,(dry-run) label simulasi untuk id 2872,True,negatif -> positif,Lainnya,
2879,"Sejumlah video viral di media sosial memperlihatkan kayu gelondongan ikut terseret arus deras saat banjir melanda wilayah Tapanuli Selatan-Tengah, Sumatera Utara, Rabu (26/11/2025). Kepala Dinas Lingkungan Hidup dan Kehutanan (DLHK) Sumatera Utara, Heri Wahyudi Marpaung 2 112",netral,1,positif,68,(dry-run) label simulasi untuk id 2879,True,netral -> positif,Lainnya,
2898,Membalas @narkosun Terjadi banjir bandang yang sama di sipirok kabupaten Tapanuli Selatan Sumatera Utara 194,netral,1,negatif,58,(dry-run) label simulasi untuk id 2898,True,netral -> negatif,Lainnya,
2900,"Kemkomdigi melaporkan terjadinya gangguan layanan telekomunikasi di Kabupaten Tapanuli Tengah, Kabupaten Tapanuli Selatan dan Kota Sibolga, Provinsi Sumatera Utara imbas bencana banjir dan longsor yang melanda wilayah tersebut pada Rabu (26/11). ""Berdasarkan data sebaran Tampilkan lebih banyak 4 3 698",netral,1,positif,92,(dry-run) label simulasi untuk id 2900,True,netral -> positif,Informational,
2980,Banjir Sumatera 2025 harus jadi pengingat bagi semua pihak untuk pny komitmen yang sama. Salut u/ TPL yg konsisten menjadi industri lestari Buletin Medan (@buletinmedan) • Instagram reel Dari instagram.com 7,positif,2,netral,74,(dry-run) label simulasi untuk id 2980,True,positif -> netral,Apresiasi,
3034,"Bantuan masih terus mengalir untuk korban bencana hidrometeorologi di Indonesia. Kali ini, Starbucks bersama beberapa yayasan memberikan bantuan pasca-bencana. #Lingkungan #AdadiKompas kompas.id Starbucks Bantu Korban Banjir Sumatera Bantuan masih terus mengalir untuk korban bencana hidrometeorologi di Indonesia. Kali ini, Starbucks bersama beberapa yayasan memberikan bantuan pascabencana. 1 327",negatif,0,positif,91,(dry-run) label simulasi untuk id 3034,True,negatif -> positif,Sarkasme,
3039,Kepolisian Daerah Nusa Tenggara Barat mengirim satu satuan setingkat kompi atau setara 100 personel Brimob untuk membantu pemulihan pascabencana banjir bandang di Aceh Tamiang. Polda NTB kirim satu SSK Brimob bantu pemulihan di Aceh Tamiang Dari antaranews.com 537,positif,2,netral,83,(dry-run) label simulasi untuk id 3039,True,positif -> netral,Lainnya,
3075,Membalas @BANGSAygSUJUD @prabowo dan 10 lainnya Perhatian Presiden Prabowo begitu besar pd rakyat Aceh Sumut Sumbar Saat ini bencana banjir mengancam semua wilayah namun semua maklum bila Presiden fokus pd Sumatera 1 2 76,negatif,0,positif,65,(dry-run) label simulasi untuk id 3075,True,negatif -> positif,Mixed sentiment,
3171,Direktorat Tindak Pidana Tertentu Badan Reserse Kriminal Polri menyelidiki temuan kayu gelondongan yang diduga terbawa banjir bandang di wilayah Aceh Tamiang. Kayu-kayu berukuran besar itu berserakan di sekitar puing-puing bangunan yang tersapu banjir bandang. #infoPKU 2 266,netral,1,negatif,83,(dry-run) label simulasi untuk id 3171,True,netral -> negatif,Informational,
3221,Projo Peduli Bencana di bawah Budi Arie Setiadi Setia Digaris Rakyat menjaga Indonesia saling peduli kuatkan Sumatera bangkit bersama Projo Ajak Publik Bersatu Hadapi Banjir Besar di Sumatera Dari gonews.co.id 3,positif,2,negatif,80,(dry-run) label simulasi untuk id 3221,True,positif -> negatif,Lainnya,
3226,persatuan nasional adalah kunci dan Projo Peduli Bencana tetap Setia Digaris Rakyat bersama Budi Arie Setiadi memulihkan sumatera dari dampak bencana banjir besar PROJO Serukan Persatuan Nasional untuk Ringankan Derita Korban Banjir Sumatera Dari news.fin.co.id 4,negatif,0,positif,79,(dry-run) label simulasi untuk id 3226,True,negatif -> positif,Lainnya,
3390,"Tim SAR gabungan pagi ini masih membersihkan lumpur di SMA Negeri 12 Padang pasca banjir yang melanda Sumatera Barat. Sementara siswa tetap belajar dengan sistem daring, Rabu (03/12) pagi. Mth #SAR #Bencana #Pasca #Banjir #Sumatera #Padang 593",netral,1,negatif,57,(dry-run) label simulasi untuk id 3390,True,netral -> negatif,Sarkasme,
3420,Kunjungan Direktur OPP bersama Pemimpin Wilayah ke Gudang Rawang Timur dilakukan dalam rangka Monitoring dan Evaluasi untuk memastikan ketersediaan stok pangan pascabencana alam di Sumatera Barat. Melalui pemantauan langsung ini. 35,netral,1,negatif,56,(dry-run) label simulasi untuk id 3420,True,netral -> negatif,Lainnya,
3429,"Yang melanda Aceh, Sumatera Utara, dan Sumatera Barat adalah sebuah krisis ekologis yang meledak. Bencana ini tidak boleh berlalu begitu saja sebagai rutinitas tahunan. Tidak boleh hanya menjadi headline lalu hilang. Tidak boleh menjadi memori gelap yang dikubur. Negara harus Tampilkan lebih banyak 1 372",negatif,0,netral,57,(dry-run) label simulasi untuk id 3429,True,negatif -> netral,Lainnya,
3519,"Membalas @__AnakKolong Knp Tdk Mau Jujur gakui Kalau itu Akibat Kebijakan yg NGAWUR ! Klpun Krn Perubahan Iklim/Iklim nya extrem jika Alamnya tdk di RUSAK ,kl Banjir pst tdk separah di Aceh Sumut Sumbar. Ibarat bdn kita,kl Imun tubuhnya bagus dibarengi dg jaga Pola Hdp yg baik. Kl skit pst tdk parah. 1 2 106",negatif,0,positif,66,(dry-run) label simulasi untuk id 3519,True,negatif -> positif,Sarkasme,
3534,Akun parodi Pengiriman 1 Ton Rendang dari peternak ayam bertelur Sumbar untuk Aceh yang dalam perjalanan sudah memasuki daerah danau toba sumut Semoga perjalanan lancar dan segera dapat dinikmati oleh para korban banjir bandang di Aceh 8 182 394 3 rb,negatif,0,netral,72,(dry-run) label simulasi untuk id 3534,True,negatif -> netral,Lainnya,
3618,Kepolisian Negara Republik Indonesia (Polri) kembali menambah jumlah alat berat di wilayah Sumatra Barat (Sumbar) pada Minggu untuk mempercepat penanganan di lokasi bencana provinsi setempat. Polri tambah lima alat berat percepat penanganan bencana di Sumbar - ANTARA News Bengkulu Dari bengkulu.antaranews.com 33,netral,1,positif,68,(dry-run) label simulasi untuk id 3618,True,netral -> positif,Lainnya,
3666,"Dampak banjir bandang Aceh Sumut Sumbar akibat sawit belum mampu diatasi pemerintah. Sekarang bencana serupa menghancurkan Kalsel, Pak @prabowo Pak @bang_dasco Pelakunya pejabat pemerintah yg mjd pengusaha tambang. Pengusaha untung rakyat buntung. Zalim! Bisnis Tambang Boy dan Erick Thohir di Balik Bencana Banjir Kalimantan Selatan Dari liranews.com 1 167",negatif,0,netral,76,(dry-run) label simulasi untuk id 3666,True,negatif -> netral,Lainnya,
3673,"Membalas @DS_yantie Banjir bandang di Aceh Sumut dan Sumbar. Gedung DPRD Bojonegoro ambruk. Semuanya karena hujan, hujanlah biang kerok dan pasti dipersalahkan oleh anggota DPRD, anggota DPR, pejabat Pemda dan pejabat pemerintah. Padahal merekalah para pejabat biang keroknya. 1 1 2 rb",negatif,0,netral,75,(dry-run) label simulasi untuk id 3673,True,negatif -> netral,Lainnya,
3676,"Aceh Sumatra Bangkit, Kunjungi Sumbar Presiden Pastikan pemulihan berjalan Cepat 1 22",positif,2,netral,81,(dry-run) label simulasi untuk id 3676,True,positif -> netral,Lainnya,
3755,Upaya penanganan darurat bencana banjir dan tanah longsor di Sumatera Utara terus diperkuat seiring mengalirnya bantuan logistik dari berbagai unsur. Beragam pasokan kebutuhan dasar kini telah terkumpul di Posko Terpadu Kontijensi Penanggulangan Bencana Alam dan disimpan Tampilkan lebih banyak 1 53,positif,2,netral,78,(dry-run) label simulasi untuk id 3755,True,positif -> netral,Lainnya,
3835,"Penanganan banjir Aceh jalan bareng antara BNPB, TNI, Polri, dan BMKG, fokus ke evakuasi dan distribusi bantuan biar #PercepatanPenanganan makin terasa buat semua yang terdampak 28",positif,2,netral,78,(dry-run) label simulasi untuk id 3835,True,positif -> netral,Informational,
3849,"Prajurit TNI dari Yonif TP 853/Bawar Reje Bur (BRB) menunjukkan aksi heroik saat menyelamatkan warga yang terdampak banjir bandang di Kecamatan Peureulak Barat, Kabupaten Aceh Timur, Kamis (28/11). Sejumlah personel diterjunkan untuk membantu evakuasi warga yang terjebak genangan Tampilkan lebih banyak 1 1 415",positif,2,negatif,94,(dry-run) label simulasi untuk id 3849,True,positif -> negatif,Mixed sentiment,
3851,"Malam Mencekam di Bona Lumban Tapanuli Tengah, Warga Terjebak Banjir dan Memohon Evakuasi Malam Mencekam di Bona Lumban Tapanuli Tengah, Warga Terjebak Banjir dan Memohon Evakuasi - Bangbara Dari bangbara.com 3",negatif,0,positif,89,(dry-run) label simulasi untuk id 3851,True,negatif -> positif,Lainnya,
3944,"jika padam listrik di Aceh dalam dua pekan lebih ini bukan sekadar merugikan korban banjir dan longsor, menghambat pencarian korban dan evakuasi, namun menjalar ke sektor bisnis #ListrikPadam #PLN #Aceh Klaim 97 Persen Menyala, Pengamat Unimal: Komunikasi Publik PLN Sekacau Padam Listrik di Aceh -... Dari aceh.tribunnews.com 1 118",negatif,0,netral,77,(dry-run) label simulasi untuk id 3944,True,negatif -> netral,Mixed sentiment,
3968,"Update terkini BNPB: Penanganan banjir dan longsor di Aceh, Sumut, dan Sumbar terus dilakukan secara terkoordinasi. Tim gabungan bergerak aktif melakukan evakuasi, pendataan, hingga distribusi bantuan. Live Konferensi Pers BNPB youtube.com BNPB Indonesia The Indonesia National Disaster Management Authority 48",positif,2,negatif,83,(dry-run) label simulasi untuk id 3968,True,positif -> negatif,Informational,
3978,"Ya ampun sedih banget lihat video gajah evakuasi puing2 bekas banjir, padahal rumahnya udah dihancurkan, dibom mereka ga punya tempat tapi malah disuruh kerja 1 14",negatif,0,positif,85,(dry-run) label simulasi untuk id 3978,True,negatif -> positif,Sarkasme,
4053,"Membalas @99propaganda @are_inismyname dan 5 lainnya Bagaimana Bapak Presiden Republik Indonesia menolak bantuan Asing ? Rakyat yg dipelosok masih dibiarkan menghadapi bencana banjir, kelaparan, berjuang bertahan hidup hingga kematian 1 bulan paska bencana! Harga Diri Apa yang Kau Maksud Bapak Presiden Republik Indonesia! 35",negatif,0,positif,95,(dry-run) label simulasi untuk id 4053,True,negatif -> positif,Sarkasme,
4105,"Membalas @VIVAcoid @VIVAcoid ; kondisi yg masih sedemikian parah , apakah banjir bandang Sunatera masih layak dikatakan bencana lokal ?? 8 23 74 3 rb",negatif,0,positif,57,(dry-run) label simulasi untuk id 4105,True,negatif -> positif,Sarkasme,
4167,"Membalas @tvOneNews • Lewat PT Tusam Hutan Lestari, PRABOWO memiliki Hutan Tanaman Industri (HTI) yg berada di HULU SUNGAI yg terdampak Banjir Bandang di Aceh Sumut Sumbar. • HTI BERKONTRIBUSI pd KERUSAKAN EKOLOGI! 5 185",negatif,0,netral,63,(dry-run) label simulasi untuk id 4167,True,negatif -> netral,Lainnya,
4247,"Apa Yang Membuat Pemerintah Pusat Belum Menetapkan Bencana Banjir Bandang Sumatera (Aceh, Sumut, Sumbar) Sebagai Bencana Nasional??? #banjirbandang #sumatera #aceh #info #berita 39",negatif,0,netral,69,(dry-run) label simulasi untuk id 4247,True,negatif -> netral,Informational,
4281,"Cape ngurus motor ieu, meulina mah murah. Ririwitna moal aya:( Jaba jibrug jaba mogok anzeeeengglah 2 1 380",negatif,0,positif,76,(dry-run) label simulasi untuk id 4281,True,negatif -> positif,Lainnya,
4379,"Akun penggemar maaf banget ya moots kalo twt aku berisik soal bencana alam di Sumatera, beneran gak tega hati karena ada beberapa mutualku yg terdampak rumahnya banjir sampe sepinggang (alhamdulillah udah ngungsi). plis tetep berisik soal bencana alam ini drpd tumblr anitaasu itu pliss 36",negatif,0,positif,81,(dry-run) label simulasi untuk id 4379,True,negatif -> positif,Sarkasme,
4399,"Jujur, kena banjir itu ga enak banget. Barang abis, ga bisa tidur karena air dimana2, ga tenang takut air makin naik, kalo ada lantai 2 ya syukur bisa ngungsi ke atas dulu lah kl ga ada? Aduh nyiksa banget, belum lagi pas udahan banjirnya harus bersihin lumpur dll 13 127 292 14 rb",negatif,0,positif,61,(dry-run) label simulasi untuk id 4399,True,negatif -> positif,Sarkasme,
4422,"Yg di medan kata gua siap siaga deh. Beberapa uda padam listrik dan internet. Bahkan daerah kota uda banjir tinggi dan mulai ngungsi. Siapin PB, tampung air, stok makanan dll gais. 6 10 698",netral,1,negatif,80,(dry-run) label simulasi untuk id 4422,True,netral -> negatif,Lainnya,
4568,"Membalas @humaniesproject Coba masu ke daerah langkat, disana belum ada sama sekali bantuan dari pemerintah setempat dan masih banyak rumah yang masih terendam banjir, serta warga kesulitan mengevakuasi diri krn tak tau mau mengungsi kemana 82",negatif,0,netral,59,(dry-run) label simulasi untuk id 4568,True,negatif -> netral,Sarkasme,
4618,"Innalillahi wainnailaihi rojiuun longsor dan banjir bandang menghantam rumah warga di Sibolga, Provinsi Sumatera Utara. Rumah-rumah terendam dan tertimbun lumpur pekat, banyak kendaraan terseret arus. Mari kita panjatkan doa dan uluran tangan untuk saudara-saudari kita yang Tampilkan lebih banyak 16 26 979",negatif,0,positif,89,(dry-run) label simulasi untuk id 4618,True,negatif -> positif,Lainnya,
4672,"Ga tega bgt liat mbak yg bantu beres"" rumah, bela""in masuk kerja demi nerima gaji mingguan buat anak-anaknya makan mana katanya wilayah dia dpt banjir susulan krn tanggul jebol dan belum dapat bantuan sama sekali, yaampun mau marah sama pemerintah 125",negatif,0,netral,86,(dry-run) label simulasi untuk id 4672,True,negatif -> netral,Informational,
4735,"Banjir bandang menerjang sejumlah desa di Kecamatan Tebing Tinggi dan Halong, Kabupaten Balangan, Kalimantan Selatan, pada Sabtu (27/12). Derasnya air datang tiba-tiba usai hujan lebat mengguyur wilayah tersebut sejak tengah malam hingga pagi hari #ibenewsid #ibenewsid #banjir 1 71",netral,1,positif,91,(dry-run) label simulasi untuk id 4735,True,netral -> positif,Informational,
4740,"Durian dihadiahkan oleh warga Desa Ekan, Gayo Lues, Aceh, kepada awak helikopter TNI Angkatan Udara yang mengantar logistik. + #Banjir #Aceh ##Cut 2 26 58 7 rb",positif,2,netral,96,(dry-run) label simulasi untuk id 4740,True,positif -> netral,Lainnya,
4749,"(1/2) Sekitar sebulan pasca bencana #banjir dan #longsor di #Sumatra, kembali mengingatkan kita satu hal penting: #ManusiaButuhAlam #KonservasiIndonesia 57",netral,1,positif,76,(dry-run) label simulasi untuk id 4749,True,netral -> positif,Lainnya,
4768,"Ya Allah banjir lagi. Hujan deras pada Rabu (24/12/2025) menyebabkan sejumlah sungai & waduk di Bireuen meluap, mengakibatkan puluhan desa di Pandrah, Jeunieb, Peulimbang & Jeumpa tergenang banjir. ___ Merry Christmas Natal --- Aura Kasih Ridwan Kamil 1 3 6 917",negatif,0,netral,88,(dry-run) label simulasi untuk id 4768,True,negatif -> netral,Sarkasme,
4839,"Membalas @zha_Erza Ya Allah, aku gak bisa bayangin butuh berapa lama buat bersih2 setelah kena lumpur kaya gitu.. semoga kamu & sekeluarga sehat selalu, dan semoga tidak ada banjir susulan lagi, aamiin 1 1 25",negatif,0,positif,90,(dry-run) label simulasi untuk id 4839,True,negatif -> positif,Sarkasme,
4912,Presiden @prabowo Sush tahu penyebab banjir bandang di Sumatera namun belum memerinci Yg pasti akan keluar kebijakan2 menuju kebaikan lingkungan sehingga kejadian serupa tak terjadi lagi di manapun ke depannya Ada yg deg deg an gak ya? key dan 9 lainnya 3 8 16 413,netral,1,negatif,55,(dry-run) label simulasi untuk id 4912,True,netral -> negatif,Mixed sentiment,
4996,"Akun parodi temen-temen semua yg di sumatra, aceh, dan semua wilayah yg terkena banjir stay safe semuanya. semoga segala musibah ini lekas segera membaik lagi ya temen-temen 3 22 1 rb",positif,2,negatif,96,(dry-run) label simulasi untuk id 4996,True,positif -> negatif,Lainnya,
5094,"TOTAL KORBAN: 500 Orang Meninggal Akibat Bencana Banjir Sumatra > 500 org meninggal dan ratusan terluka akibat banjir besar yg dipicu hujan siklon di Indonesia. Ribuan warga di Sumatra terisolasi dan kekurangan suplai penting. Penyebab utama: Siklon Tropis Senyar, Tampilkan lebih banyak 4 212 288 65 rb",negatif,0,netral,95,(dry-run) label simulasi untuk id 5094,True,negatif -> netral,Lainnya,
5128,"update infografis (Jum'at, 5 Desember 2025 Pukul 03.17 WIB) Berkaitan dengan Dampak Bencana Banjir yang melanda Provinsi Aceh, Sumatra Utara dan Sumatra Barat. Terhitung ada 51 Kabupaten/kota yang terdampak 28",netral,1,negatif,66,(dry-run) label simulasi untuk id 5128,True,netral -> negatif,Informational,
5147,"Membalas @GrowWinID Bencana banjir dan longsor besar di Sumatra diduga kuat dipicu oleh kerusakan hutan dan aktivitas pembalakan liar di hulu sungai. Banyak pihak melaporkan bahwa penebangan liar memperparah dampak banjir, menyebabkan ribuan kayu gelondongan hanyut terbawa arus deras. 1 41",negatif,0,positif,62,(dry-run) label simulasi untuk id 5147,True,negatif -> positif,Sarkasme,
5190,"Membalas @miyuwmiyaw dan @egaalice Tolong bantu up sampai pemerintah pusat turun tangan untuk mengevakuasi korban bencana banjir sumatra. Jangan sumber daya alam kami saja yang dikeruk, menikmati fasilitasnya, tapi dampak dari ini semua, warga yang menanggung akibatnya #PrayForSumatera 88",negatif,0,positif,81,(dry-run) label simulasi untuk id 5190,True,negatif -> positif,Mixed sentiment,
5225,"Update banjir & longsor Sumatera setakat 7.00 malam: 940 korban meninggal, 276 hilang. Operasi SAR masih berlanjut di Aceh, Sumut & Sumbar. #BanjirSumatera #PrayForSumatera Update 7 Desember Korban Bencana Sumatra: 940 Meninggal, 276 Hilang Dari cnnindonesia.com 66",negatif,0,positif,65,(dry-run) label simulasi untuk id 5225,True,negatif -> positif,Sarkasme,
5286,Percaya Ama @ZUL_Hasan Ama kyk percaya Dajjal masuk surga wkwkk #PrayForSumatera Relawan 12.12 Blibli AKUUU MADDYYY Amanda Zahra Senin BPN Update Cilok Filipina. 1 2 296,positif,2,negatif,77,(dry-run) label simulasi untuk id 5286,True,positif -> negatif,Sarkasme,
5300,"Indonesia berduka bersama Sumatra. Doa dan bantuan terus mengalir, semoga Bapak Prabowo juga hadir membantu. Sumatra butuh kita. #PrayForSumatera #kitapeduli 41",negatif,0,netral,75,(dry-run) label simulasi untuk id 5300,True,negatif -> netral,Lainnya,
5412,Membalas @_bangagoengDuA dan @prabowo Jancok #OrdeOmonOmon #PrayForSumatera 1 23,negatif,0,netral,66,(dry-run) label simulasi untuk id 5412,True,negatif -> netral,Lainnya,
5431,Membalas @indepenSumatera Kami MATI Kelaparan #PrayforSUMATERA Kami MATI Kelaparan #PrayforSUMATERA Dari linkedin.com 2 6 2 rb,negatif,0,positif,94,(dry-run) label simulasi untuk id 5431,True,negatif -> positif,Lainnya,
5452,"10 tahun dipimpin yang katanya ""sarjana kehutanan UGM"", semua mata tidak melihat ijazahnya tapi melihat 3 provinsi kehilangan hutan dan nyawa. . . Minggu Sumatra Aceh banjir prabowo jokowi anies #PrayForSumatera #prayforsibolga #PrayForTapanuli #indonesia kita bisa 59",negatif,0,positif,90,(dry-run) label simulasi untuk id 5452,True,negatif -> positif,Mixed sentiment,
5511,ACEH TAMIANG MASIH BUTUH KITA Aktivasi RSUD Aceh Tamiang adalah tujuan utama untuk akses vital kesehatan. #Acehtamiang #prayforsumatera 2 6 591,netral,1,negatif,99,(dry-run) label simulasi untuk id 5511,True,netral -> negatif,Sarkasme,
5531,"Katanya ""bukan bencana nasional"", tapi pejabrut pusat nasional dari pucuk sampe bawah mulai datang untuk mencitrakan diri... Dasar somplak! Rakyat bantu rakyat #PrayForSumatera 22",negatif,0,positif,71,(dry-run) label simulasi untuk id 5531,True,negatif -> positif,Informational,
5608,"Membalas @lalaayeyeyee dan @ridwanadit Fakta menunjukkan MBG tidak memakai dana penanggulangan bencana, tetapi lebih dahulu hadir membawa makanan bagi korban banjir di Aceh sebagai kerja nyata yang nyata manfaatnya #LanjutkanMBG 28",negatif,0,positif,88,(dry-run) label simulasi untuk id 5608,True,negatif -> positif,Mixed sentiment,
5628,Detik-Detik Banjir Bandang Aceh Tengah: Arus Deras Seret Tumpukan Kayu Raksasa! #BanjirBandang #AcehTengah #Takengon #BenerMeriah 1 37,netral,1,negatif,63,(dry-run) label simulasi untuk id 5628,True,netral -> negatif,Lainnya,
5632,"Melihat video Najwa dan Mualem, sesak dan sedihnya berasa sekali Ya Allah, kuatkanlah aceh dan seluruh warga indonesia yg terdampak dr banjir atau bencana lainya 85",positif,2,netral,97,(dry-run) label simulasi untuk id 5632,True,positif -> netral,Lainnya,
5667,"BRIMOB ACEH GELAR DAPUR LAPANGAN, BANTU MASYARAKAT TERDAMPAK BANJIR 1 14",netral,1,positif,88,(dry-run) label simulasi untuk id 5667,True,netral -> positif,Lainnya,
5696,"Membalas @IndiraNews Ide ini muncul usai bencana banjir dan longsor melanda Aceh, Sumatera Utara, dan Sumatera Barat. Dalam tanggapannya Puan meminta masyarakat berpusat pada penanganan bencana dan pemulihan warga terdampak musibah alam tersebut. 1 1 1 28",netral,1,positif,78,(dry-run) label simulasi untuk id 5696,True,netral -> positif,Lainnya,
5752,"Setelah melihat langsung kondisi warga terdampak banjir di Aceh, Presiden Prabowo menegaskan arahan: keselamatan rakyat jadi prioritas, bantuan harus tiba tanpa hambatan. 1 9",positif,2,netral,87,(dry-run) label simulasi untuk id 5752,True,positif -> netral,Lainnya,
5810,"Soloh – Gubernur Sulsel Kirim Aceh, provinsi yang terletak di ujung barat Indonesia, baru-baru ini mengalami serangkaian bencana alam yang mengakibatkan kerusakan parah dan menimbulkan banyak korban jiwa. Bencana yang melanda meliputi banjir bandang, tanah 20",negatif,0,netral,82,(dry-run) label simulasi untuk id 5810,True,negatif -> netral,Sarkasme,
5868,"Membalas @KPI_CENTRAL Itu pasti demi ""kemajuan bangsa"", sampai hutan gundul, sungai meluap, dan longsor jadi hiburan rutin di Sumatera. Dulu gempa Aceh 2004, banjir 2010, erupsi Sinabung 2014—semua itu kayak pelajaran, tapi pemerintah kita ini murid teladan yang suka ulang kelas, ya? 99",negatif,0,positif,99,(dry-run) label simulasi untuk id 5868,True,negatif -> positif,Mixed sentiment,
5936,"Kepala Badan Nasional Penanggulangan Bencana (BNPB) Letjen TNI Suharyanto menyampaikan perkiraan biaya untuk pemulihan pasca bencana banjir dan longsor di Aceh, Sumatera Utara, dan Sumatera Barat mencapai Rp51,82 triliun. Hal itu ia sampaikan saat mengikuti rapat terbatas Tampilkan lebih banyak 1 1 1 353",netral,1,negatif,91,(dry-run) label simulasi untuk id 5936,True,netral -> negatif,Informational,
5950,"Nusron Wahid mengungkapkan terdapat 65.000 lahan sawah di Aceh, Sumatera Utara, dan Sumatera Barat yang tertutup lumpur imbas banjir Sumatera. Kondisi tersebut dikhawatirkan membuat lahan sawah menjadi rawan diserobot mafia tanah karena akan menjadi sawah musnah. Baca di sini: Tampilkan lebih banyak 5 67 123 33 rb",negatif,0,positif,73,(dry-run) label simulasi untuk id 5950,True,negatif -> positif,Lainnya,
6010,"Bukti Kesetiaan Satuan Brimob Polda Riau pada Kemanusiaan, Satuan Brimob Polda Riau bersama Basarnas menemukan Jenazah Samsimar Korban Akibat Bencana Banjir yang terdampak di Kampung Tanjung, Kecamatan Palembayan, Kabupaten Agam Wilayah Provinsi Sumatera Barat, 2 114",negatif,0,netral,80,(dry-run) label simulasi untuk id 6010,True,negatif -> netral,Lainnya,
6033,"Satuan Brimob Polda Riau bersama Satuan Brimob Polda Jambi dan Sumatera Barat Bergerak Cepat membawa Misi Utama menembus Longsor demi membuka kembali Denyut Hidup Warga yang terjebak dalam Isolasi Akibat Bencana Banjir di Jorong Tamtaman, Kabupaten Agam Provinsi Sumatera Barat... 1 74",positif,2,netral,99,(dry-run) label simulasi untuk id 6033,True,positif -> netral,Lainnya,
6051,"Smoga semua saudara saudara terdampak banjir selalu diberikan ketabahan hati, and thanks yoo bapak Tim Trauma Healing Polda Riau #polri #PolriPeduli #PeduliBencana #PrayForSumatera 17",positif,2,netral,99,(dry-run) label simulasi untuk id 6051,True,positif -> netral,Lainnya,
6081,"Pemerintah melalui Kementerian Lingkungan Hidup/Badan Pengendalian Lingkungan Hidup (KLH/BPLH) mengambil tindakan tegas pasca banjir besar dan longsor di Kabupaten Tapanuli Selatan, Sumatera Utara. Menteri Lingkungan Hidup, Hanif Faisol Nurofiq mengatakan, bahwa tiga perusahaan, Tampilkan lebih banyak 1 340",positif,2,negatif,76,(dry-run) label simulasi untuk id 6081,True,positif -> negatif,Lainnya,
6093,"YANG SEDANG VIRAL AKIBAT BANJIR BANDANG DI SUMUT Ini bukan murni fenomena alam tapi kerusakan alam akibat ulah manusia Sebuah video memperlihatkan momen dimana sungai batang boru yang terletak di Tapanuli Selatan, Sumatera Utara mengalami banjir. Namun banyak warganet yang Tampilkan lebih banyak 7 72 112 3 rb",negatif,0,netral,97,(dry-run) label simulasi untuk id 6093,True,negatif -> netral,Mixed sentiment,
6119,"Klarifikasi Santai Menko Zulhas Usai Dih*uj4t Panggul Beras saat Kunjungi Korban Banjir Sumatera. jambi.tribunnews.com Klarifikasi Santai Menko Zulhas Usai Dihujat Panggul Beras saat Kunjungi Korban Banjir Sumatera -... Menko Bidang Pangan, Zulkifli Hasan (Zulhas), akhirnya buka suara menanggapi video viral yang menuai kritik tajam di media sosial. 1 1 532",negatif,0,netral,68,(dry-run) label simulasi untuk id 6119,True,negatif -> netral,Lainnya,
6146,"Membalas @ARSIPAJA Bisa ditebak wowok bakal pilih apa. Yap, pasti lebih milih melanjutkan program mbg yang gada persiapan itu daripada misi kemanusiaan buat warga aceh 4 221",negatif,0,positif,80,(dry-run) label simulasi untuk id 6146,True,negatif -> positif,Lainnya,
6153,"Membalas @lucimaya123 ukuran tangan pemerintah yg tak kunjung datang setelah belasan hari. Dicekam kelaparan dan nyaris mati, hinga putus asa, mereka katakan tak perlu lagi kslian datang wahai pemerintah - cukup kirimkan kami kafan. Rakyat aceh seolah sengaja dibiarkan kelaparan dan mati sendiri. 1 26",negatif,0,netral,69,(dry-run) label simulasi untuk id 6153,True,negatif -> netral,Informational,
6161,"demn, ternyata ibu laundry biasa aku satu tapanuli 6",negatif,0,netral,91,(dry-run) label simulasi untuk id 6161,True,negatif -> netral,Lainnya,
6173,"(Bukan Bencana Nasional) Akses jalan terendam banjir dan listrik padam. Nenek dan keluarga gue yg lain juga msh bisa dievakuasi. Alhamdulillah. Semoga buat saudara dan keluarga lain yg berada di lokasi Sumatra,Sumbar, Sibolga, Tapanuli dan Aceh bisa segera dievakuasi. #Pray 147",netral,1,negatif,97,(dry-run) label simulasi untuk id 6173,True,netral -> negatif,Apresiasi,
6230,"Akun parodi Liat berita tentang bencana yg terjadi di Aceh, Sumbar, Sumut bikin nangis rasanya sakitt bangett 23",negatif,0,positif,99,(dry-run) label simulasi untuk id 6230,True,negatif -> positif,Sarkasme,
6264,"adakah yang masih butuh relawan buat ke daerah terdampak, Aceh, Sumut maupun Sumbar. gua pribadi siap ngabdiin diri dan bantu dengan segenap tenaga yang gua punya. 32",positif,2,netral,81,(dry-run) label simulasi untuk id 6264,True,positif -> netral,Sarkasme,
6271,"Makan gratis, beasiswa, dan pengiriman dana hingga tenaga medis dipersembahkan untuk warga dan perantau Aceh, Sumbar, dan Sumut. Solidaritas itu tidak mati. #Lingkungan #AdadiKompas Jangan Khawatir, Anak-anak Kalian Kami Jaga di Perantauan Dari kompas.id 1 284",positif,2,negatif,93,(dry-run) label simulasi untuk id 6271,True,positif -> negatif,Lainnya,
6303,"Membalas @DivHumas_Polri Beneran deh, kerjasama pak polisi sama PLN bikin hidup di Sumbar normal balik 29",negatif,0,netral,77,(dry-run) label simulasi untuk id 6303,True,negatif -> netral,Lainnya,
6415,"10 Fakta Mengejutkan Operasi Besar TNI di Aceh, Sumut dan Sumbar yang Tak Banyak Diketahui Publik zonajakarta.com 10 Fakta Mengejutkan Operasi Besar TNI di Aceh, Sumut dan Sumbar yang Tak Banyak Diketahui Publik -... Fakta lengkap keterlibatan TNI dalam penanganan bencana di Aceh, Sumut, dan Sumbar, dari udara, laut, hingga darat secara maksimal. 1 11",netral,1,negatif,64,(dry-run) label simulasi untuk id 6415,True,netral -> negatif,Lainnya,
6485,"Menteri UMKM Maman Abdurrahman menegaskan rencana penghapusan utang KUR bagi korban bencana di Aceh, Sumut, dan Sumbar. Koordinasi dengan bank segera dilakukan. Pemerintah Mau Hapus Utang UMKM Terdampak Bencana, Skema Masih Dibahas Dari finance.detik.com 182",negatif,0,netral,84,(dry-run) label simulasi untuk id 6485,True,negatif -> netral,Sarkasme,
6490,Membalas @yaniarsim dan @prabowo Akibat keserakahan mu kau korbankan semua masyarakat di Aceh Sumut dan Sumbar Memang kau bersama LBP dan @jokowi itu pembunuh Pembunuh Wok 1 33,negatif,0,positif,89,(dry-run) label simulasi untuk id 6490,True,negatif -> positif,Lainnya,
6491,Membalas @MiRV19Kft dan @BudiBukanIntel Di sumbar justru daerah dataran tinggi yang paling parah dampaknya 1 17,negatif,0,positif,92,(dry-run) label simulasi untuk id 6491,True,negatif -> positif,Sarkasme,
6580,bantuan bencana banjir bandang sumbar. #BanjirBandangSumbar #PrayForSumbar #BantuanUntukSumbar #PeduliSumbar #OpenDonasiSumbar #SumbarKuat #BantuKorbanBanjir #IndonesiaPeduli #AksiKemanusiaan #DonasiBanjir #KotaPadang #Nanggalo #GurunLaweh 1 8,netral,1,positif,79,(dry-run) label simulasi untuk id 6580,True,netral -> positif,Lainnya,
6610,Benarkah Pernyataan Jenderal TNI Tak Ada Penggundulan Hutan di Sumatera Utara? #penggundulanhutan #sumut #banjirsumatra #eksplainer #cekfakta #cekfaktatempo Benarkah Pernyataan Jenderal TNI Tak Ada Penggundulan Hutan di Sumatera Utara? Dari tempo.co 30,negatif,0,positif,86,(dry-run) label simulasi untuk id 6610,True,negatif -> positif,Lainnya,
6699,"Dengan sigap dan penuh dedikasi, personel Dit Samapta Polda Riau mengevakuasi serta mengamankan kendaraan bermotor dan berbagai peralatan ke Lapangan SD 5 Kayu Pasak demi keselamatan dan ketertiban pasca bencana. #Kapoldariaubantusumbar #Kapoldariiaubantuaceh 2 2 44",positif,2,netral,61,(dry-run) label simulasi untuk id 6699,True,positif -> netral,Lainnya,
6761,"Ditpolairud Polda Sumsel Gelar Salat Gaib, Istighosah, dan Doa Bersama untuk Korban Bencana Alam di Aceh, Sumut, dan Sumbar Sekaligus Peringati HUT ke-75 Polairud Ditpolairud Polda Sumsel menggelar rangkaian kegiatan religius berupa salat gaib, istighosah, dan doa bersama untuk Tampilkan lebih banyak 1 55",negatif,0,positif,58,(dry-run) label simulasi untuk id 6761,True,negatif -> positif,Lainnya,
6793,"air sudah naik ke jalanann, dah banyak masuk rumah orang hikddd stay safe guys 5",positif,2,negatif,86,(dry-run) label simulasi untuk id 6793,True,positif -> negatif,Lainnya,
6798,"Debit Bendung Katulampa naik saat hujan guyur Bogor, Jawa Barat, sejak Jumat (5/12) siang. Warga di sepanjang aliran Sungai Ciliwung diminta waspadai banjir Pelaksana Bendung Katulampa Andi Sudirman di Kota Bogor, melaporkan Tinggi Muka Air (TMA) mencapai 90 centimeter Tampilkan lebih banyak 1 2 476",negatif,0,netral,83,(dry-run) label simulasi untuk id 6798,True,negatif -> netral,Lainnya,
6824,"Air naik cepat, tapi Polisi Tanggap Bencana justru bergerak lebih cepat mengevakuasi warga yang terjebak. Terimakasih POLRI 1 3",positif,2,netral,65,(dry-run) label simulasi untuk id 6824,True,positif -> netral,Sarkasme,
6831,"Air belum pada surut, rumah belum pada bersih, udah dihantam lagii. Air pada naik lagi di Medan 3 3 240",netral,1,positif,96,(dry-run) label simulasi untuk id 6831,True,netral -> positif,Sarkasme,
6842,"Membalas @tanyarlfes sumatera utara hujan lagi apa ga nangis, banjir belum surut lagi, biasanya daerah kami gapernah banjir, dan ga seringkih ini, ini baru turun berapa jam langsung naik air 3 203",negatif,0,positif,58,(dry-run) label simulasi untuk id 6842,True,negatif -> positif,Lainnya,
6864,yg bikin narasi air laut naik lagi musibah kaya gini gaada otak anjjjjjj 16,negatif,0,positif,61,(dry-run) label simulasi untuk id 6864,True,negatif -> positif,Lainnya,
6955,"Data terbaru mencatat banjir dan longsor di Sumatera menelan 883 korban jiwa, 520 hilang, serta ribuan warga luka dan rumah rusak berat. Proses evakuasi dan distribusi bantuan terhambat medan sulit, sementara ribuan warga masih mengungsi. #banjirsumatera #sumatera #wuzzsupdate 90",negatif,0,netral,97,(dry-run) label simulasi untuk id 6955,True,negatif -> netral,Sarkasme,
6965,Kepala Pusat Penerangan Mabes TNI Mayjen TNI Freddy Ardianzah mengatakan pihaknya akan memberikan penghargaan berupa kenaikan pangkat kepada tiga prajurit yang gugur saat berupaya mengevakuasi korban banjir dan tanah longsor di Sumatera Barat antaranews.com TNI naikan pangkat prajurit yang gugur saat evakuasi warga di Sumbar Kepala Pusat Penerangan (Kapuspen) Mabes TNI Mayjen TNI (Mar) Freddy Ardianzah mengatakan pihaknya akan memberikan penghargaan berupa kenaikan pangkat kepada ... 1 499,negatif,0,positif,68,(dry-run) label simulasi untuk id 6965,True,negatif -> positif,Lainnya,
6999,"Banjir di Sumatera, PGN kirim tim via jalur laut untuk evakuasi & distribusi bantuan. 35 orang sudah selamat. Perusahaan peduli bencana Aceh, Sumut dan Sumbar serta lainnya. #BanjirSumatera #PGN #Evakuasi #update #news #seketika seketika.com PGN Selamatkan Korban Banjir Sumatera: 35 Warga Dievakuasi Via Jalur Laut - seketika.com PGN kerahkan tim dan kapal bantu evakuasi korban banjir di Sumatera, distribusi logistik & pasang jaringan satelit untuk komunikasi darurat. 106",negatif,0,positif,75,(dry-run) label simulasi untuk id 6999,True,negatif -> positif,Informational,
7056,Membalas @wkurniawan609 Anda pahami konteksnya Video bobby itu H+4 setelah banjir bandang melanda sibolga. Dan video Vietnam itu sebagai pembanding lambat nya hadir helikopter sebagai alternatif evakuasi lokasi yang terisolasi 115,negatif,0,positif,74,(dry-run) label simulasi untuk id 7056,True,negatif -> positif,Kritik,
7073,"Pada hari kedua ini, pemerintah terus mengerahkan helikopter ke berbagai titik untuk distribusi bantuan logistik dan evakuasi di wilayah terdampak bencana banjir di Aceh, Sumatera Barat, dan Sumatera Utara. #BantuanBencanaAlam #DistribusiBantuanLogistik #WilayahTerdampakBencana Tampilkan lebih banyak 12 60 134 85 rb",positif,2,negatif,59,(dry-run) label simulasi untuk id 7073,True,positif -> negatif,Lainnya,
7125,Membalas @nandadinayy tni dan polri berjibaku di lapangan sejak banjir melanda dari evakuasi lansia sampai pengamanan jalur bantuan semuanya sejalan dengan Respons Cepat Negara #PrabowoPeduliSumatera 1 3,positif,2,netral,90,(dry-run) label simulasi untuk id 7125,True,positif -> netral,Lainnya,
7177,Membalas @PDI_Perjuangan DPD PDI Perjuangan Sumatera Barat solid bergerak cepat dan serentak mengupayakan yang terbaik dalam penanganan dan penyerahan bantuan kepada warga dalam masa tanggap darurat bencana longsor dan banjir bandang di Sumatera Barat. Kami juga senantiasa berdoa agar Ranah Minang Tampilkan lebih banyak 1 1 169,positif,2,netral,77,(dry-run) label simulasi untuk id 7177,True,positif -> netral,Lainnya,
7178,"Penanganan Bencana Sumatra di Bidang Pendidikan Halo, #SahabatBahasa dan #SobatBelajar! Bencana banjir dan longsor yang melanda Sumatra berdampak signifikan terhadap layanan pendidikan. 1 28",negatif,0,positif,97,(dry-run) label simulasi untuk id 7178,True,negatif -> positif,Lainnya,
7193,"Membalas @ikhwanuddin Saya tanya ""ngikutin gak soal penanganan banjir di aceh smubar sumut. ?"" Beliau2 menjawab tdk tahu Dan besoknya nimbrung cerita klo p prab sudah turun kelapangan gercep banget hadir bersama rakyat. Muncul di fyp tiktoknya. Mantab bukan? 1 18",positif,2,netral,61,(dry-run) label simulasi untuk id 7193,True,positif -> netral,Sarkasme,
7358,"Membalas @janicepages Kayak mereka ada yang lagi di rumah tiba-tiba banjir dengan cepat jadi harus ngungsi, ada juga yang lagi di jalan dan akhirnya kejebak sampe gak makan seharian. Dengan kondisi nggak makan itu, harus bertaruh nyawa dengan jalan kaki lewat medan yang masih banjir. 1 57",negatif,0,netral,61,(dry-run) label simulasi untuk id 7358,True,negatif -> netral,Sarkasme,
7463,"Apakah ada info open donasi pakaian layak pakai untuk dikirim ke saudara2 kita yang lagi kena musibah banjir, dsb nya ga ya? 120",netral,1,positif,93,(dry-run) label simulasi untuk id 7463,True,netral -> positif,Informational,
7474,"ga terdampak banjir (Alhamdulillah bgt) tp kena efek pemadaman listrik bergilir dan sinyal bener2 terputus. get well really soon, Aceh. I’m just here to earn a living. jangan ngambek lagi ya bumiku 2 188",negatif,0,positif,57,(dry-run) label simulasi untuk id 7474,True,negatif -> positif,Apresiasi,
7562,Bantuan terus mengalir dari Masyarakat Kecamatan Paya Bakong kepada Korban banjir di Aceh Utara. 18,negatif,0,positif,81,(dry-run) label simulasi untuk id 7562,True,negatif -> positif,Lainnya,
7564,"Pemerintah terus berupaya mengurangi beban korban bencana alam, termasuk untuk para mahasiswa. Bantuan apa saja yg diberikan pemerintah kepada para mahasiswa dan dosen yg terdampak bencana banjir di Sumatera & berapa lama ? Semula informasi dijabarkan dalam video dibawah ini. 2 9 9 751",negatif,0,positif,88,(dry-run) label simulasi untuk id 7564,True,negatif -> positif,Informational,
7639,"Jumlah korban meninggal dunia akibat bencana banjir dan longsor di Provinsi Sumatera Utara terus bertambah. Hingga Minggu, 7 Desember 2025, tercatat 329 orang meninggal dunia berdasarkan data dari Badan Nasional Penanggulangan Bencana (BNPB). indomedia.co 329 Orang Meninggal Akibat Banjir dan Longsor di Sumut, 82 Warga Masih Hilang Jumlah korban meninggal dunia akibat bencana banjir dan longsor di Provinsi Sumatera Utara terus bertambah. Hingga Minggu, 7 Desember 2025, tercatat 329 orang meninggal dunia berdasarkan data dari... 41",negatif,0,netral,79,(dry-run) label simulasi untuk id 7639,True,negatif -> netral,Sarkasme,
7659,"Membalas @BiruBir26073179 @tvOneNews dan @prabowo Bahkan disembunyikan ditempat yg Aman, berhubung hutan itu Sdh gundul & hujan terus-menerus terjadilah banjir bandang, sehingga kayu hasil bajingan tersebut terbawa arus air berserakan dimana-mana, begitu Lho? 1 125",negatif,0,netral,91,(dry-run) label simulasi untuk id 7659,True,negatif -> netral,Lainnya,
7660,Membalas @SHPDCMPABABD dan @YgMenang_KPU_MK - Atmospheric River (Sungai Atmosfer): Menumpahkan air hujan secara terus-menerus di sepanjang punggung pegunungan Bukit Barisan. Kombinasi faktor-faktor tersebut menciptakan kondisi cuaca ekstrem yang memicu banjir bandang dan tanah longsor di wilayah tersebut ¹ ² ³. 1 1 169,negatif,0,netral,91,(dry-run) label simulasi untuk id 7660,True,negatif -> netral,Lainnya,
7836,"Melihat berita di @SCTV saat ini, banyak sekali daerah yang dilanda banjir. Jadi pengen tahu reaksi @prabowo tahu kondisi Indonesia seperti itu. -Senang karena sedikit bisa ngeles penyebab bencana di Aceh & Sumatra saat ini. Atau.... -Sedih? 🤧",negatif,0,positif,68,(dry-run) label simulasi untuk id 7836,True,negatif -> positif,Lainnya,
7868,"Menteri Dalam Negeri (Mendagri) Tito Karnavian mengungkapkan, Sumatera Utara (Sumut) menjadi wilayah yang cepat pulih pasca-bencana banjir bandang dan tanah longsor. Sementara wilayah yang paling berat adalah Aceh Tamiang, sebab di wilayah tersebut layanan pemerintahan belum",positif,2,negatif,56,(dry-run) label simulasi untuk id 7868,True,positif -> negatif,Lainnya,
7929,"Ribuan keluarga korban banjir dan longsor di Aceh, Sumatera Utara, dan Sumatera Barat memilih bertahan di luar hunian sementara dengan menerima Dana Tunggu Hunian (DTH) dari pemerintah. Badan Nasional Penanggulangan Bencana (BNPB) mencatat, hingga kini sebanyak 16.264 kepala",negatif,0,netral,86,(dry-run) label simulasi untuk id 7929,True,negatif -> netral,Informational,
7941,Apa bakal kejadian lagi tahun baru banjir?,netral,1,positif,93,(dry-run) label simulasi untuk id 7941,True,netral -> positif,Lainnya,
7997,"Kalau mau bicara sawit mbok yo tunggu penanganan banji sumatra-aceh maksimal dulu kek, hujan masih deras, banjir datang silih berganti, air mata belum kering, masyarakat masih ngungsi, tapi orang satu ini isi kepalanya cuma sawit.",negatif,0,positif,65,(dry-run) label simulasi untuk id 7997,True,negatif -> positif,Sarkasme,
8098,"Bencana banjir besar dan tanah longsor di Sumatera Barat turut melumpuhkan jalur vital Lembah Anai, urat nadi ekonomi yang menghubungkan Padang dan Riau. Menko Infrastruktur dan Pembangunan Kewilayahan, Agus Harimurti Yudhoyono, hadir langsung meninjau lokasi terdampak,",netral,1,positif,56,(dry-run) label simulasi untuk id 8098,True,netral -> positif,Lainnya,
8108,Percuma dibantu juga jika ujung-ujungnya kasus ditutup seperti yg terjadi di Lampung ! Jangan ngeprank rakyat lah. Korban meninggal akibat Bencana Banjir Bandang di Sumatera & Aceh itu sdh mencapai 1000an orang lho ! ----- Jajaran Sore Jumat DISKON 100K Pagiii,negatif,0,positif,60,(dry-run) label simulasi untuk id 8108,True,negatif -> positif,Lainnya,
8122,aamiin yaaMujiib Semoga dengan mendapatkan emas bisa meringanakan beban sedikit dan buat bahagia yg kena musibah banjir Bandang.,positif,2,negatif,70,(dry-run) label simulasi untuk id 8122,True,positif -> negatif,Lainnya,
8134,"Ditengah tengah masyarakat desa Tapanuli Sumatra Utara kesulitan akan MCK, disitulah Polri hadir untuk mengatasi masalah dengan membuatkan MCK #kamipolisibaik #polseksumowono #polressemarang #poldajateng",negatif,0,positif,85,(dry-run) label simulasi untuk id 8134,True,negatif -> positif,Kritik,
8139,"Cakap je tak guna Dr. Kena turun padang, masuk mesy tapak diorg ni. Ada site diary tak. Minit mesy tapak mcmana rupa. JKR setakat boleh pantau je la…",negatif,0,netral,65,(dry-run) label simulasi untuk id 8139,True,negatif -> netral,Lainnya,
8149,Pemerintah menyiapkan regulasi terkait pemanfaatan kayu gelondongan yang terbawa banjir bandang dan longsor di Pulau Sumatra guna mendukung percepatan rehabilitasi dan rekonstruksi pascabencana. Aturan tersebut tertuang dalam surat edaran Kementerian Kehutanan (Kemenhut) yang,netral,1,positif,92,(dry-run) label simulasi untuk id 8149,True,netral -> positif,Lainnya,
8166,"Untuk warga sumatra plis jgn sambut2 pejabat yg dateng lah, teriakin ajah, kalau bisa lemparin ajah lumpur banjir biar kerjanya bener dikit. Ga usah kita bersikap baik sm mereka tuntut mereka sekencang2nya buat kerja dan bikin penanganan bencana lebih cepat",negatif,0,netral,73,(dry-run) label simulasi untuk id 8166,True,negatif -> netral,Lainnya,
8221,"Bencana banjir bandang dan tanah longsor Sumatra Utara, Barat, dan Aceh menarik perhatian luas media asing, seperti Associated Press, New York Times, Reuters, hingga ABC Net. Kantor-kantor berita global soroti parahnya dampak bencana, terutama terkait dugaan kuat adanya peran",negatif,0,positif,88,(dry-run) label simulasi untuk id 8221,True,negatif -> positif,Sarkasme,
8268,"SUMATERA BUTUH STATUS #BENCANANASIONAL #NATIONALDISASTER Btw Guys kalau ada yg mau bantu donasi bisa dm gue ya, dijamin amanah. Karna gue juga terjun langsung sama mahasiswa lain nantinya setelah dana terkumpul ke tempat yg terkena banjir... Btw lokasi gue di Sumatera Barat.",positif,2,netral,64,(dry-run) label simulasi untuk id 8268,True,positif -> netral,Informational,
8286,"Sikat habis hutan, yang menderita rakyat bukan bos. Rumah dimana-mana semua mewah dan bebas banjir.",negatif,0,positif,70,(dry-run) label simulasi untuk id 8286,True,negatif -> positif,Lainnya,
8300,"Yaa Allah… Aceh sudah kehilangan 4 kampung. Dan Aceh Tamiang masih rentan bencana susulan. Yaa Allah timpakan azab pada yang memgundang bencana ini, pada mereka pelaku perusakan alam.",negatif,0,positif,55,(dry-run) label simulasi untuk id 8300,True,negatif -> positif,Sarkasme,
8353,teman² aku minta doanya buat teman aku yang lagi sakit di rumah sakit. sakitnya lumayan parah. kami belum bisa menghubungi keluarga nya karena terdampak banjir sumatra juga. terimakasih dukungan,negatif,0,positif,83,(dry-run) label simulasi untuk id 8353,True,negatif -> positif,Sarkasme,
8354,"Aceh Tamiang menjadi wilayah paling parah terdampak banjir bandang. Rumah warga porak-poranda, dan di sejumlah titik seluruh desa rata dengan tanah. Ternak seperti sapi dan kambing mati terkapar di jalan, sementara mayat korban masih tertimbun di bawah lumpur.",negatif,0,positif,69,(dry-run) label simulasi untuk id 8354,True,negatif -> positif,Sarkasme,
8404,#PrayForSumatera paham banget karena aku adalah warga yg sering kebanjiran juga. Lihat air banjir yg semakin naik tuh menakutkan. Gak bisa tidur dengan tenang. Cape angkut2 barang ke atas. Udah surut banjir bersihin rumah yg bikin sakit pinggang sampai kaki. sedih,negatif,0,positif,90,(dry-run) label simulasi untuk id 8404,True,negatif -> positif,Sarkasme,
8421,"Banjir dikawasan pulau Sumatra, pejabatnya bilang cuaca extrime, ya betul, saking extrime ya hujannya bukan hujan air, tapi hujan kayu gelondongan. Untuk semua pejabat, bikin aja terus kebijakan yg menyesatkan dan merusak. Kita tinggal sama2 hukuman dari Allah berupa bencana.",negatif,0,positif,63,(dry-run) label simulasi untuk id 8421,True,negatif -> positif,Mixed sentiment,
8435,"Cepat lah pak, kami di sumatra utara sudah keburu tenggelam nih dalam banjir. Tak banyak yang bisa menolong karena tak tersedia perahu atau rakit sekalipun untuk evakuasi atau sekedar mengantar bekal makanan atau obat2an bagi yg terjebak di rumah2 mereka.",negatif,0,positif,86,(dry-run) label simulasi untuk id 8435,True,negatif -> positif,Lainnya,
8476,"Ngeliat banjir di sumatra agak ketar ketir ya, walaupun sumsel masih aman, dan rumahku jauh dari sungai besar sedih",netral,1,positif,67,(dry-run) label simulasi untuk id 8476,True,netral -> positif,Sarkasme,
8495,"Pray for Aceh & Sumatera Hati kami hancur melihat cobaan yang menimpa saudara-saudara kita di Aceh dan Sumatera. Duka mereka adalah duka kita bersama. Kami mengirimkan doa terbaik, harapan, dan kekuatan untuk semua yang terdampak. #PrayForAceh #PrayForSumatera #goodybag 🎗️",negatif,0,positif,71,(dry-run) label simulasi untuk id 8495,True,negatif -> positif,Lainnya,
8576,BRI respons banjir bandang Sumatra dengan langsung turun ke lapangan dan nyiapin bantuan darurat biar warga bisa tetap bertahan di kondisi yang masih serba terbatas. #CSRBRI #BRIPeduli #qrisbri,positif,2,netral,60,(dry-run) label simulasi untuk id 8576,True,positif -> netral,Sarkasme,
